  0
SECTION
  2
HEADER
  9
$ACADVER
  1
AC1027
  9
$ACADMAINTVER
 70
105
  9
$DWGCODEPAGE
  3
ANSI_1252
  9
$LASTSAVEDBY
  1
ezdxf
  9
$REQUIREDVERSIONS
160
0
  9
$INSBASE
 10
0.0
 20
0.0
 30
0.0
  9
$EXTMIN
 10
1e+20
 20
1e+20
 30
1e+20
  9
$EXTMAX
 10
-1e+20
 20
-1e+20
 30
-1e+20
  9
$LIMMIN
 10
0.0
 20
0.0
  9
$LIMMAX
 10
420.0
 20
297.0
  9
$ORTHOMODE
 70
0
  9
$REGENMODE
 70
1
  9
$FILLMODE
 70
1
  9
$QTEXTMODE
 70
0
  9
$MIRRTEXT
 70
1
  9
$LTSCALE
 40
1.0
  9
$ATTMODE
 70
1
  9
$TEXTSIZE
 40
2.5
  9
$TRACEWID
 40
1.0
  9
$TEXTSTYLE
  7
Standard
  9
$CLAYER
  8
0
  9
$CELTYPE
  6
ByLayer
  9
$CECOLOR
 62
256
  9
$CELTSCALE
 40
1.0
  9
$DISPSILH
 70
0
  9
$DIMSCALE
 40
1.0
  9
$DIMASZ
 40
2.5
  9
$DIMEXO
 40
0.625
  9
$DIMDLI
 40
3.75
  9
$DIMRND
 40
0.0
  9
$DIMDLE
 40
0.0
  9
$DIMEXE
 40
1.25
  9
$DIMTP
 40
0.0
  9
$DIMTM
 40
0.0
  9
$DIMTXT
 40
2.5
  9
$DIMCEN
 40
2.5
  9
$DIMTSZ
 40
0.0
  9
$DIMTOL
 70
0
  9
$DIMLIM
 70
0
  9
$DIMTIH
 70
0
  9
$DIMTOH
 70
0
  9
$DIMSE1
 70
0
  9
$DIMSE2
 70
0
  9
$DIMTAD
 70
1
  9
$DIMZIN
 70
8
  9
$DIMBLK
  1

  9
$DIMASO
 70
1
  9
$DIMSHO
 70
1
  9
$DIMPOST
  1

  9
$DIMAPOST
  1

  9
$DIMALT
 70
0
  9
$DIMALTD
 70
3
  9
$DIMALTF
 40
0.03937007874
  9
$DIMLFAC
 40
1.0
  9
$DIMTOFL
 70
1
  9
$DIMTVP
 40
0.0
  9
$DIMTIX
 70
0
  9
$DIMSOXD
 70
0
  9
$DIMSAH
 70
0
  9
$DIMBLK1
  1

  9
$DIMBLK2
  1

  9
$DIMSTYLE
  2
ISO-25
  9
$DIMCLRD
 70
0
  9
$DIMCLRE
 70
0
  9
$DIMCLRT
 70
0
  9
$DIMTFAC
 40
1.0
  9
$DIMGAP
 40
0.625
  9
$DIMJUST
 70
0
  9
$DIMSD1
 70
0
  9
$DIMSD2
 70
0
  9
$DIMTOLJ
 70
0
  9
$DIMTZIN
 70
8
  9
$DIMALTZ
 70
0
  9
$DIMALTTZ
 70
0
  9
$DIMUPT
 70
0
  9
$DIMDEC
 70
2
  9
$DIMTDEC
 70
2
  9
$DIMALTU
 70
2
  9
$DIMALTTD
 70
3
  9
$DIMTXSTY
  7
Standard
  9
$DIMAUNIT
 70
0
  9
$DIMADEC
 70
0
  9
$DIMALTRND
 40
0.0
  9
$DIMAZIN
 70
0
  9
$DIMDSEP
 70
44
  9
$DIMATFIT
 70
3
  9
$DIMFRAC
 70
0
  9
$DIMLDRBLK
  1

  9
$DIMLUNIT
 70
2
  9
$DIMLWD
 70
-2
  9
$DIMLWE
 70
-2
  9
$DIMTMOVE
 70
0
  9
$DIMFXL
 40
1.0
  9
$DIMFXLON
 70
0
  9
$DIMJOGANG
 40
0.785398163397
  9
$DIMTFILL
 70
0
  9
$DIMTFILLCLR
 70
0
  9
$DIMARCSYM
 70
0
  9
$DIMLTYPE
  6

  9
$DIMLTEX1
  6

  9
$DIMLTEX2
  6

  9
$DIMTXTDIRECTION
 70
0
  9
$LUNITS
 70
2
  9
$LUPREC
 70
4
  9
$SKETCHINC
 40
1.0
  9
$FILLETRAD
 40
10.0
  9
$AUNITS
 70
0
  9
$AUPREC
 70
2
  9
$MENU
  1
.
  9
$ELEVATION
 40
0.0
  9
$PELEVATION
 40
0.0
  9
$THICKNESS
 40
0.0
  9
$LIMCHECK
 70
0
  9
$CHAMFERA
 40
0.0
  9
$CHAMFERB
 40
0.0
  9
$CHAMFERC
 40
0.0
  9
$CHAMFERD
 40
0.0
  9
$SKPOLY
 70
0
  9
$TDCREATE
 40
2460379.6726967595
  9
$TDUCREATE
 40
2458532.153996898
  9
$TDUPDATE
 40
2460379.6726967595
  9
$TDUUPDATE
 40
2458532.1544311
  9
$TDINDWG
 40
0.0
  9
$TDUSRTIMER
 40
0.0
  9
$USRTIMER
 70
1
  9
$ANGBASE
 50
0.0
  9
$ANGDIR
 70
0
  9
$PDMODE
 70
0
  9
$PDSIZE
 40
0.0
  9
$PLINEWID
 40
0.0
  9
$SPLFRAME
 70
0
  9
$SPLINETYPE
 70
6
  9
$SPLINESEGS
 70
8
  9
$HANDSEED
  5
71A
  9
$SURFTAB1
 70
6
  9
$SURFTAB2
 70
6
  9
$SURFTYPE
 70
6
  9
$SURFU
 70
6
  9
$SURFV
 70
6
  9
$UCSBASE
  2

  9
$UCSNAME
  2

  9
$UCSORG
 10
0.0
 20
0.0
 30
0.0
  9
$UCSXDIR
 10
1.0
 20
0.0
 30
0.0
  9
$UCSYDIR
 10
0.0
 20
1.0
 30
0.0
  9
$UCSORTHOREF
  2

  9
$UCSORTHOVIEW
 70
0
  9
$UCSORGTOP
 10
0.0
 20
0.0
 30
0.0
  9
$UCSORGBOTTOM
 10
0.0
 20
0.0
 30
0.0
  9
$UCSORGLEFT
 10
0.0
 20
0.0
 30
0.0
  9
$UCSORGRIGHT
 10
0.0
 20
0.0
 30
0.0
  9
$UCSORGFRONT
 10
0.0
 20
0.0
 30
0.0
  9
$UCSORGBACK
 10
0.0
 20
0.0
 30
0.0
  9
$PUCSBASE
  2

  9
$PUCSNAME
  2

  9
$PUCSORG
 10
0.0
 20
0.0
 30
0.0
  9
$PUCSXDIR
 10
1.0
 20
0.0
 30
0.0
  9
$PUCSYDIR
 10
0.0
 20
1.0
 30
0.0
  9
$PUCSORTHOREF
  2

  9
$PUCSORTHOVIEW
 70
0
  9
$PUCSORGTOP
 10
0.0
 20
0.0
 30
0.0
  9
$PUCSORGBOTTOM
 10
0.0
 20
0.0
 30
0.0
  9
$PUCSORGLEFT
 10
0.0
 20
0.0
 30
0.0
  9
$PUCSORGRIGHT
 10
0.0
 20
0.0
 30
0.0
  9
$PUCSORGFRONT
 10
0.0
 20
0.0
 30
0.0
  9
$PUCSORGBACK
 10
0.0
 20
0.0
 30
0.0
  9
$USERI1
 70
0
  9
$USERI2
 70
0
  9
$USERI3
 70
0
  9
$USERI4
 70
0
  9
$USERI5
 70
0
  9
$USERR1
 40
0.0
  9
$USERR2
 40
0.0
  9
$USERR3
 40
0.0
  9
$USERR4
 40
0.0
  9
$USERR5
 40
0.0
  9
$WORLDVIEW
 70
1
  9
$SHADEDGE
 70
3
  9
$SHADEDIF
 70
70
  9
$TILEMODE
 70
1
  9
$MAXACTVP
 70
64
  9
$PINSBASE
 10
0.0
 20
0.0
 30
0.0
  9
$PLIMCHECK
 70
0
  9
$PEXTMIN
 10
1e+20
 20
1e+20
 30
1e+20
  9
$PEXTMAX
 10
-1e+20
 20
-1e+20
 30
-1e+20
  9
$PLIMMIN
 10
0.0
 20
0.0
  9
$PLIMMAX
 10
420.0
 20
297.0
  9
$UNITMODE
 70
0
  9
$VISRETAIN
 70
1
  9
$PLINEGEN
 70
0
  9
$PSLTSCALE
 70
1
  9
$TREEDEPTH
 70
3020
  9
$CMLSTYLE
  2
Standard
  9
$CMLJUST
 70
0
  9
$CMLSCALE
 40
20.0
  9
$PROXYGRAPHICS
 70
1
  9
$MEASUREMENT
 70
1
  9
$CELWEIGHT
370
-1
  9
$ENDCAPS
280
0
  9
$JOINSTYLE
280
0
  9
$LWDISPLAY
290
0
  9
$INSUNITS
 70
6
  9
$HYPERLINKBASE
  1

  9
$STYLESHEET
  1

  9
$XEDIT
290
1
  9
$CEPSNTYPE
380
0
  9
$PSTYLEMODE
290
1
  9
$FINGERPRINTGUID
  2
{AF6265F2-3318-48F9-B43E-DFA0B1339685}
  9
$VERSIONGUID
  2
{BC565608-6FDB-4925-B00A-393CB607D514}
  9
$EXTNAMES
290
1
  9
$PSVPSCALE
 40
0.0
  9
$OLESTARTUP
290
0
  9
$SORTENTS
280
127
  9
$INDEXCTL
280
0
  9
$HIDETEXT
280
1
  9
$XCLIPFRAME
280
2
  9
$HALOGAP
280
0
  9
$OBSCOLOR
 70
257
  9
$OBSLTYPE
280
0
  9
$INTERSECTIONDISPLAY
280
0
  9
$INTERSECTIONCOLOR
 70
257
  9
$DIMASSOC
280
2
  9
$PROJECTNAME
  1

  9
$CAMERADISPLAY
290
0
  9
$LENSLENGTH
 40
50.0
  9
$CAMERAHEIGHT
 40
0.0
  9
$STEPSPERSEC
 40
24.0
  9
$STEPSIZE
 40
100.0
  9
$3DDWFPREC
 40
2.0
  9
$PSOLWIDTH
 40
0.005
  9
$PSOLHEIGHT
 40
0.08
  9
$LOFTANG1
 40
1.570796326795
  9
$LOFTANG2
 40
1.570796326795
  9
$LOFTMAG1
 40
0.0
  9
$LOFTMAG2
 40
0.0
  9
$LOFTPARAM
 70
7
  9
$LOFTNORMALS
280
1
  9
$LATITUDE
 40
37.795
  9
$LONGITUDE
 40
-122.394
  9
$NORTHDIRECTION
 40
0.0
  9
$TIMEZONE
 70
-8000
  9
$LIGHTGLYPHDISPLAY
280
1
  9
$TILEMODELIGHTSYNCH
280
1
  9
$CMATERIAL
347
20
  9
$SOLIDHIST
280
0
  9
$SHOWHIST
280
1
  9
$DWFFRAME
280
2
  9
$DGNFRAME
280
2
  9
$REALWORLDSCALE
290
1
  9
$INTERFERECOLOR
 62
256
  9
$CSHADOW
280
0
  9
$SHADOWPLANELOCATION
 40
0.0
  0
ENDSEC
  0
SECTION
  2
CLASSES
  0
CLASS
  1
ACDBDICTIONARYWDFLT
  2
AcDbDictionaryWithDefault
  3
ObjectDBX Classes
 90
0
 91
0
280
0
281
0
  0
CLASS
  1
SUN
  2
AcDbSun
  3
SCENEOE
 90
1153
 91
0
280
0
281
0
  0
CLASS
  1
VISUALSTYLE
  2
AcDbVisualStyle
  3
ObjectDBX Classes
 90
4095
 91
0
280
0
281
0
  0
CLASS
  1
MATERIAL
  2
AcDbMaterial
  3
ObjectDBX Classes
 90
1153
 91
0
280
0
281
0
  0
CLASS
  1
SCALE
  2
AcDbScale
  3
ObjectDBX Classes
 90
1153
 91
0
280
0
281
0
  0
CLASS
  1
TABLESTYLE
  2
AcDbTableStyle
  3
ObjectDBX Classes
 90
4095
 91
0
280
0
281
0
  0
CLASS
  1
MLEADERSTYLE
  2
AcDbMLeaderStyle
  3
ACDB_MLEADERSTYLE_CLASS
 90
4095
 91
0
280
0
281
0
  0
CLASS
  1
DICTIONARYVAR
  2
AcDbDictionaryVar
  3
ObjectDBX Classes
 90
0
 91
0
280
0
281
0
  0
CLASS
  1
CELLSTYLEMAP
  2
AcDbCellStyleMap
  3
ObjectDBX Classes
 90
1152
 91
0
280
0
281
0
  0
CLASS
  1
MENTALRAYRENDERSETTINGS
  2
AcDbMentalRayRenderSettings
  3
SCENEOE
 90
1024
 91
0
280
0
281
0
  0
CLASS
  1
ACDBDETAILVIEWSTYLE
  2
AcDbDetailViewStyle
  3
ObjectDBX Classes
 90
1025
 91
0
280
0
281
0
  0
CLASS
  1
ACDBSECTIONVIEWSTYLE
  2
AcDbSectionViewStyle
  3
ObjectDBX Classes
 90
1025
 91
0
280
0
281
0
  0
CLASS
  1
RASTERVARIABLES
  2
AcDbRasterVariables
  3
ISM
 90
0
 91
0
280
0
281
0
  0
CLASS
  1
LAYOUT
  2
AcDbLayout
  3
ObjectDBX Classes
 90
0
 91
0
280
0
281
0
  0
CLASS
  1
ACDBPLACEHOLDER
  2
AcDbPlaceHolder
  3
ObjectDBX Classes
 90
0
 91
0
280
0
281
0
  0
ENDSEC
  0
SECTION
  2
TABLES
  0
TABLE
  2
VPORT
  5
8
330
0
100
AcDbSymbolTable
 70
1
  0
VPORT
  5
23
330
8
100
AcDbSymbolTableRecord
100
AcDbViewportTableRecord
  2
*Active
 70
0
 10
0.0
 20
0.0
 11
1.0
 21
1.0
 12
0.0
 22
0.0
 13
0.0
 23
0.0
 14
0.5
 24
0.5
 15
0.5
 25
0.5
 16
0.0
 26
0.0
 36
1.0
 17
0.0
 27
0.0
 37
0.0
 40
1000.0
 41
1.34
 42
50.0
 43
0.0
 44
0.0
 50
0.0
 51
0.0
 71
0
 72
1000
 73
1
 74
3
 75
0
 76
0
 77
0
 78
0
281
0
 65
0
146
0.0
  0
ENDTAB
  0
TABLE
  2
LTYPE
  5
2
330
0
100
AcDbSymbolTable
 70
3
  0
LTYPE
  5
24
330
2
100
AcDbSymbolTableRecord
100
AcDbLinetypeTableRecord
  2
ByBlock
 70
0
  3

 72
65
 73
0
 40
0.0
  0
LTYPE
  5
25
330
2
100
AcDbSymbolTableRecord
100
AcDbLinetypeTableRecord
  2
ByLayer
 70
0
  3

 72
65
 73
0
 40
0.0
  0
LTYPE
  5
26
330
2
100
AcDbSymbolTableRecord
100
AcDbLinetypeTableRecord
  2
Continuous
 70
0
  3

 72
65
 73
0
 40
0.0
  0
ENDTAB
  0
TABLE
  2
LAYER
  5
1
330
0
100
AcDbSymbolTable
 70
2
  0
LAYER
  5
27
330
1
100
AcDbSymbolTableRecord
100
AcDbLayerTableRecord
  2
0
 70
0
 62
7
  6
Continuous
370
-3
390
13
347
21
  0
LAYER
  5
28
330
1
100
AcDbSymbolTableRecord
100
AcDbLayerTableRecord
  2
Defpoints
 70
0
 62
7
  6
Continuous
290
0
370
-3
390
13
347
21
  0
ENDTAB
  0
TABLE
  2
STYLE
  5
5
330
0
100
AcDbSymbolTable
 70
1
  0
STYLE
  5
29
330
5
100
AcDbSymbolTableRecord
100
AcDbTextStyleTableRecord
  2
Standard
 70
0
 40
0.0
 41
1.0
 50
0.0
 71
0
 42
2.5
  3
txt
  4

  0
ENDTAB
  0
TABLE
  2
VIEW
  5
7
330
0
100
AcDbSymbolTable
 70
0
  0
ENDTAB
  0
TABLE
  2
UCS
  5
6
330
0
100
AcDbSymbolTable
 70
0
  0
ENDTAB
  0
TABLE
  2
APPID
  5
3
330
0
100
AcDbSymbolTable
 70
3
  0
APPID
  5
2A
330
3
100
AcDbSymbolTableRecord
100
AcDbRegAppTableRecord
  2
ACAD
 70
0
  0
APPID
  5
717
330
3
100
AcDbSymbolTableRecord
100
AcDbRegAppTableRecord
  2
HATCHBACKGROUNDCOLOR
 70
0
  0
APPID
  5
718
330
3
100
AcDbSymbolTableRecord
100
AcDbRegAppTableRecord
  2
EZDXF
 70
0
  0
ENDTAB
  0
TABLE
  2
DIMSTYLE
  5
4
330
0
100
AcDbSymbolTable
 70
1
100
AcDbDimStyleTable
  0
DIMSTYLE
105
2B
330
4
100
AcDbSymbolTableRecord
100
AcDbDimStyleTableRecord
  2
Standard
 70
0
 40
1.0
 41
2.5
 42
0.625
 43
3.75
 44
1.25
 45
0.0
 46
0.0
 47
0.0
 48
0.0
 49
2.5
140
2.5
141
2.5
142
0.0
143
0.03937007874
144
1.0
145
0.0
146
1.0
147
0.625
148
0.0
 69
0
 70
0
 71
0
 72
0
 73
0
 74
0
 75
0
 76
0
 77
1
 78
8
 79
3
170
0
171
3
172
1
173
0
174
0
175
0
176
0
177
0
178
0
179
2
271
2
272
2
273
2
274
3
275
0
276
0
277
2
278
44
279
0
280
0
281
0
282
0
283
0
284
8
285
0
286
0
288
0
289
3
290
0
371
-2
372
-2
  0
ENDTAB
  0
TABLE
  2
BLOCK_RECORD
  5
9
330
0
100
AcDbSymbolTable
 70
2
  0
BLOCK_RECORD
  5
17
330
9
100
AcDbSymbolTableRecord
100
AcDbBlockTableRecord
  2
*Model_Space
340
1A
 70
0
280
1
281
0
  0
BLOCK_RECORD
  5
1B
330
9
100
AcDbSymbolTableRecord
100
AcDbBlockTableRecord
  2
*Paper_Space
340
1E
 70
0
280
1
281
0
  0
ENDTAB
  0
ENDSEC
  0
SECTION
  2
BLOCKS
  0
BLOCK
  5
18
330
17
100
AcDbEntity
  8
0
100
AcDbBlockBegin
  2
*Model_Space
 70
0
 10
0.0
 20
0.0
 30
0.0
  3
*Model_Space
  1

  0
ENDBLK
  5
19
330
17
100
AcDbEntity
  8
0
100
AcDbBlockEnd
  0
BLOCK
  5
1C
330
1B
100
AcDbEntity
  8
0
100
AcDbBlockBegin
  2
*Paper_Space
 70
0
 10
0.0
 20
0.0
 30
0.0
  3
*Paper_Space
  1

  0
ENDBLK
  5
1D
330
1B
100
AcDbEntity
  8
0
100
AcDbBlockEnd
  0
ENDSEC
  0
SECTION
  2
ENTITIES
  0
LINE
  5
2F
330
17
100
AcDbEntity
  8
0
100
AcDbLine
 10
90.0
 20
41.0
 30
0.0
 11
90.5
 21
41.5
 31
0.0
  0
LINE
  5
30
330
17
100
AcDbEntity
  8
0
100
AcDbLine
 10
90.5
 20
41.5
 30
0.0
 11
91.0
 21
42.5
 31
0.0
  0
LINE
  5
31
330
17
100
AcDbEntity
  8
0
100
AcDbLine
 10
91.0
 20
42.5
 30
0.0
 11
91.5
 21
43.0
 31
0.0
  0
LINE
  5
32
330
17
100
AcDbEntity
  8
0
100
AcDbLine
 10
91.5
 20
43.0
 30
0.0
 11
92.0
 21
44.0
 31
0.0
  0
LINE
  5
33
330
17
100
AcDbEntity
  8
0
100
AcDbLine
 10
92.0
 20
44.0
 30
0.0
 11
92.5
 21
45.0
 31
0.0
  0
LINE
  5
34
330
17
100
AcDbEntity
  8
0
100
AcDbLine
 10
92.5
 20
45.0
 30
0.0
 11
93.0
 21
45.5
 31
0.0
  0
LINE
  5
35
330
17
100
AcDbEntity
  8
0
100
AcDbLine
 10
93.0
 20
45.5
 30
0.0
 11
93.5
 21
46.5
 31
0.0
  0
LINE
  5
36
330
17
100
AcDbEntity
  8
0
100
AcDbLine
 10
93.5
 20
46.5
 30
0.0
 11
94.0
 21
47.5
 31
0.0
  0
LINE
  5
37
330
17
100
AcDbEntity
  8
0
100
AcDbLine
 10
94.0
 20
47.5
 30
0.0
 11
94.5
 21
48.5
 31
0.0
  0
LINE
  5
38
330
17
100
AcDbEntity
  8
0
100
AcDbLine
 10
94.5
 20
48.5
 30
0.0
 11
95.0
 21
49.5
 31
0.0
  0
LINE
  5
39
330
17
100
AcDbEntity
  8
0
100
AcDbLine
 10
95.0
 20
49.5
 30
0.0
 11
95.5
 21
50.5
 31
0.0
  0
LINE
  5
3A
330
17
100
AcDbEntity
  8
0
100
AcDbLine
 10
95.5
 20
50.5
 30
0.0
 11
96.0
 21
51.5
 31
0.0
  0
LINE
  5
3B
330
17
100
AcDbEntity
  8
0
100
AcDbLine
 10
96.0
 20
51.5
 30
0.0
 11
96.5
 21
52.5
 31
0.0
  0
LINE
  5
3C
330
17
100
AcDbEntity
  8
0
100
AcDbLine
 10
96.5
 20
52.5
 30
0.0
 11
97.0
 21
53.5
 31
0.0
  0
LINE
  5
3D
330
17
100
AcDbEntity
  8
0
100
AcDbLine
 10
97.0
 20
53.5
 30
0.0
 11
97.5
 21
54.5
 31
0.0
  0
LINE
  5
3E
330
17
100
AcDbEntity
  8
0
100
AcDbLine
 10
97.5
 20
54.5
 30
0.0
 11
98.0
 21
55.5
 31
0.0
  0
LINE
  5
3F
330
17
100
AcDbEntity
  8
0
100
AcDbLine
 10
98.0
 20
55.5
 30
0.0
 11
98.5
 21
57.0
 31
0.0
  0
LINE
  5
40
330
17
100
AcDbEntity
  8
0
100
AcDbLine
 10
98.5
 20
57.0
 30
0.0
 11
99.0
 21
58.0
 31
0.0
  0
LINE
  5
41
330
17
100
AcDbEntity
  8
0
100
AcDbLine
 10
99.0
 20
58.0
 30
0.0
 11
99.5
 21
59.5
 31
0.0
  0
LINE
  5
42
330
17
100
AcDbEntity
  8
0
100
AcDbLine
 10
99.5
 20
59.5
 30
0.0
 11
100.0
 21
60.5
 31
0.0
  0
LINE
  5
43
330
17
100
AcDbEntity
  8
0
100
AcDbLine
 10
100.0
 20
60.5
 30
0.0
 11
100.5
 21
62.0
 31
0.0
  0
LINE
  5
44
330
17
100
AcDbEntity
  8
0
100
AcDbLine
 10
100.5
 20
62.0
 30
0.0
 11
101.0
 21
63.5
 31
0.0
  0
LINE
  5
45
330
17
100
AcDbEntity
  8
0
100
AcDbLine
 10
101.0
 20
63.5
 30
0.0
 11
101.5
 21
65.0
 31
0.0
  0
LINE
  5
46
330
17
100
AcDbEntity
  8
0
100
AcDbLine
 10
101.5
 20
65.0
 30
0.0
 11
102.0
 21
67.0
 31
0.0
  0
LINE
  5
47
330
17
100
AcDbEntity
  8
0
100
AcDbLine
 10
102.0
 20
67.0
 30
0.0
 11
102.5
 21
68.5
 31
0.0
  0
LINE
  5
48
330
17
100
AcDbEntity
  8
0
100
AcDbLine
 10
102.5
 20
68.5
 30
0.0
 11
103.0
 21
70.5
 31
0.0
  0
LINE
  5
49
330
17
100
AcDbEntity
  8
0
100
AcDbLine
 10
103.0
 20
70.5
 30
0.0
 11
103.5
 21
72.5
 31
0.0
  0
LINE
  5
4A
330
17
100
AcDbEntity
  8
0
100
AcDbLine
 10
103.5
 20
72.5
 30
0.0
 11
104.0
 21
75.0
 31
0.0
  0
LINE
  5
4B
330
17
100
AcDbEntity
  8
0
100
AcDbLine
 10
104.0
 20
75.0
 30
0.0
 11
104.5
 21
77.5
 31
0.0
  0
LINE
  5
4C
330
17
100
AcDbEntity
  8
0
100
AcDbLine
 10
104.5
 20
77.5
 30
0.0
 11
105.0
 21
81.0
 31
0.0
  0
LINE
  5
4D
330
17
100
AcDbEntity
  8
0
100
AcDbLine
 10
105.0
 20
81.0
 30
0.0
 11
105.5
 21
86.0
 31
0.0
  0
LINE
  5
4E
330
17
100
AcDbEntity
  8
0
100
AcDbLine
 10
105.5
 20
86.0
 30
0.0
 11
106.0
 21
89.5
 31
0.0
  0
LINE
  5
4F
330
17
100
AcDbEntity
  8
0
100
AcDbLine
 10
106.0
 20
89.5
 30
0.0
 11
106.5
 21
90.0
 31
0.0
  0
LINE
  5
50
330
17
100
AcDbEntity
  8
0
100
AcDbLine
 10
106.5
 20
90.0
 30
0.0
 11
107.0
 21
90.5
 31
0.0
  0
LINE
  5
51
330
17
100
AcDbEntity
  8
0
100
AcDbLine
 10
107.0
 20
90.5
 30
0.0
 11
107.5
 21
90.5
 31
0.0
  0
LINE
  5
52
330
17
100
AcDbEntity
  8
0
100
AcDbLine
 10
107.5
 20
90.5
 30
0.0
 11
108.0
 21
91.0
 31
0.0
  0
LINE
  5
53
330
17
100
AcDbEntity
  8
0
100
AcDbLine
 10
108.0
 20
91.0
 30
0.0
 11
108.5
 21
91.5
 31
0.0
  0
LINE
  5
54
330
17
100
AcDbEntity
  8
0
100
AcDbLine
 10
108.5
 20
91.5
 30
0.0
 11
109.0
 21
92.0
 31
0.0
  0
LINE
  5
55
330
17
100
AcDbEntity
  8
0
100
AcDbLine
 10
109.0
 20
92.0
 30
0.0
 11
109.5
 21
92.5
 31
0.0
  0
LINE
  5
56
330
17
100
AcDbEntity
  8
0
100
AcDbLine
 10
109.5
 20
92.5
 30
0.0
 11
110.0
 21
92.5
 31
0.0
  0
LINE
  5
57
330
17
100
AcDbEntity
  8
0
100
AcDbLine
 10
110.0
 20
92.5
 30
0.0
 11
110.5
 21
93.0
 31
0.0
  0
LINE
  5
58
330
17
100
AcDbEntity
  8
0
100
AcDbLine
 10
110.5
 20
93.0
 30
0.0
 11
111.0
 21
93.5
 31
0.0
  0
LINE
  5
59
330
17
100
AcDbEntity
  8
0
100
AcDbLine
 10
111.0
 20
93.5
 30
0.0
 11
111.5
 21
94.0
 31
0.0
  0
LINE
  5
5A
330
17
100
AcDbEntity
  8
0
100
AcDbLine
 10
111.5
 20
94.0
 30
0.0
 11
112.0
 21
94.0
 31
0.0
  0
LINE
  5
5B
330
17
100
AcDbEntity
  8
0
100
AcDbLine
 10
112.0
 20
94.0
 30
0.0
 11
112.5
 21
94.5
 31
0.0
  0
LINE
  5
5C
330
17
100
AcDbEntity
  8
0
100
AcDbLine
 10
112.5
 20
94.5
 30
0.0
 11
113.0
 21
95.0
 31
0.0
  0
LINE
  5
5D
330
17
100
AcDbEntity
  8
0
100
AcDbLine
 10
113.0
 20
95.0
 30
0.0
 11
113.5
 21
95.5
 31
0.0
  0
LINE
  5
5E
330
17
100
AcDbEntity
  8
0
100
AcDbLine
 10
113.5
 20
95.5
 30
0.0
 11
114.0
 21
96.0
 31
0.0
  0
LINE
  5
5F
330
17
100
AcDbEntity
  8
0
100
AcDbLine
 10
114.0
 20
96.0
 30
0.0
 11
114.5
 21
96.5
 31
0.0
  0
LINE
  5
60
330
17
100
AcDbEntity
  8
0
100
AcDbLine
 10
114.5
 20
96.5
 30
0.0
 11
115.0
 21
96.5
 31
0.0
  0
LINE
  5
61
330
17
100
AcDbEntity
  8
0
100
AcDbLine
 10
115.0
 20
96.5
 30
0.0
 11
115.5
 21
97.0
 31
0.0
  0
LINE
  5
62
330
17
100
AcDbEntity
  8
0
100
AcDbLine
 10
115.5
 20
97.0
 30
0.0
 11
116.0
 21
97.5
 31
0.0
  0
LINE
  5
63
330
17
100
AcDbEntity
  8
0
100
AcDbLine
 10
116.0
 20
97.5
 30
0.0
 11
116.5
 21
98.0
 31
0.0
  0
LINE
  5
64
330
17
100
AcDbEntity
  8
0
100
AcDbLine
 10
116.5
 20
98.0
 30
0.0
 11
117.0
 21
98.5
 31
0.0
  0
LINE
  5
65
330
17
100
AcDbEntity
  8
0
100
AcDbLine
 10
117.0
 20
98.5
 30
0.0
 11
117.5
 21
99.0
 31
0.0
  0
LINE
  5
66
330
17
100
AcDbEntity
  8
0
100
AcDbLine
 10
117.5
 20
99.0
 30
0.0
 11
118.0
 21
99.0
 31
0.0
  0
LINE
  5
67
330
17
100
AcDbEntity
  8
0
100
AcDbLine
 10
118.0
 20
99.0
 30
0.0
 11
118.5
 21
99.5
 31
0.0
  0
LINE
  5
68
330
17
100
AcDbEntity
  8
0
100
AcDbLine
 10
118.5
 20
99.5
 30
0.0
 11
119.0
 21
100.0
 31
0.0
  0
LINE
  5
69
330
17
100
AcDbEntity
  8
0
100
AcDbLine
 10
119.0
 20
100.0
 30
0.0
 11
119.5
 21
100.5
 31
0.0
  0
LINE
  5
6A
330
17
100
AcDbEntity
  8
0
100
AcDbLine
 10
119.5
 20
100.5
 30
0.0
 11
120.0
 21
101.0
 31
0.0
  0
LINE
  5
6B
330
17
100
AcDbEntity
  8
0
100
AcDbLine
 10
120.0
 20
101.0
 30
0.0
 11
120.5
 21
101.5
 31
0.0
  0
LINE
  5
6C
330
17
100
AcDbEntity
  8
0
100
AcDbLine
 10
120.5
 20
101.5
 30
0.0
 11
121.0
 21
101.5
 31
0.0
  0
LINE
  5
6D
330
17
100
AcDbEntity
  8
0
100
AcDbLine
 10
121.0
 20
101.5
 30
0.0
 11
121.5
 21
102.0
 31
0.0
  0
LINE
  5
6E
330
17
100
AcDbEntity
  8
0
100
AcDbLine
 10
121.5
 20
102.0
 30
0.0
 11
122.0
 21
102.5
 31
0.0
  0
LINE
  5
6F
330
17
100
AcDbEntity
  8
0
100
AcDbLine
 10
122.0
 20
102.5
 30
0.0
 11
122.5
 21
103.0
 31
0.0
  0
LINE
  5
70
330
17
100
AcDbEntity
  8
0
100
AcDbLine
 10
122.5
 20
103.0
 30
0.0
 11
123.0
 21
103.5
 31
0.0
  0
LINE
  5
71
330
17
100
AcDbEntity
  8
0
100
AcDbLine
 10
123.0
 20
103.5
 30
0.0
 11
123.5
 21
104.0
 31
0.0
  0
LINE
  5
72
330
17
100
AcDbEntity
  8
0
100
AcDbLine
 10
123.5
 20
104.0
 30
0.0
 11
124.0
 21
104.5
 31
0.0
  0
LINE
  5
73
330
17
100
AcDbEntity
  8
0
100
AcDbLine
 10
124.0
 20
104.5
 30
0.0
 11
124.5
 21
105.0
 31
0.0
  0
LINE
  5
74
330
17
100
AcDbEntity
  8
0
100
AcDbLine
 10
124.5
 20
105.0
 30
0.0
 11
125.0
 21
105.5
 31
0.0
  0
LINE
  5
75
330
17
100
AcDbEntity
  8
0
100
AcDbLine
 10
125.0
 20
105.5
 30
0.0
 11
125.5
 21
105.5
 31
0.0
  0
LINE
  5
76
330
17
100
AcDbEntity
  8
0
100
AcDbLine
 10
125.5
 20
105.5
 30
0.0
 11
126.0
 21
106.0
 31
0.0
  0
LINE
  5
77
330
17
100
AcDbEntity
  8
0
100
AcDbLine
 10
126.0
 20
106.0
 30
0.0
 11
126.5
 21
106.5
 31
0.0
  0
LINE
  5
78
330
17
100
AcDbEntity
  8
0
100
AcDbLine
 10
126.5
 20
106.5
 30
0.0
 11
127.0
 21
107.0
 31
0.0
  0
LINE
  5
79
330
17
100
AcDbEntity
  8
0
100
AcDbLine
 10
127.0
 20
107.0
 30
0.0
 11
127.5
 21
107.5
 31
0.0
  0
LINE
  5
7A
330
17
100
AcDbEntity
  8
0
100
AcDbLine
 10
127.5
 20
107.5
 30
0.0
 11
128.0
 21
108.0
 31
0.0
  0
LINE
  5
7B
330
17
100
AcDbEntity
  8
0
100
AcDbLine
 10
128.0
 20
108.0
 30
0.0
 11
128.5
 21
108.5
 31
0.0
  0
LINE
  5
7C
330
17
100
AcDbEntity
  8
0
100
AcDbLine
 10
128.5
 20
108.5
 30
0.0
 11
129.0
 21
109.0
 31
0.0
  0
LINE
  5
7D
330
17
100
AcDbEntity
  8
0
100
AcDbLine
 10
129.0
 20
109.0
 30
0.0
 11
129.5
 21
109.5
 31
0.0
  0
LINE
  5
7E
330
17
100
AcDbEntity
  8
0
100
AcDbLine
 10
129.5
 20
109.5
 30
0.0
 11
130.0
 21
110.0
 31
0.0
  0
LINE
  5
7F
330
17
100
AcDbEntity
  8
0
100
AcDbLine
 10
130.0
 20
110.0
 30
0.0
 11
130.5
 21
110.5
 31
0.0
  0
LINE
  5
80
330
17
100
AcDbEntity
  8
0
100
AcDbLine
 10
130.5
 20
110.5
 30
0.0
 11
131.0
 21
111.0
 31
0.0
  0
LINE
  5
81
330
17
100
AcDbEntity
  8
0
100
AcDbLine
 10
131.0
 20
111.0
 30
0.0
 11
131.5
 21
111.5
 31
0.0
  0
LINE
  5
82
330
17
100
AcDbEntity
  8
0
100
AcDbLine
 10
131.5
 20
111.5
 30
0.0
 11
132.0
 21
112.0
 31
0.0
  0
LINE
  5
83
330
17
100
AcDbEntity
  8
0
100
AcDbLine
 10
132.0
 20
112.0
 30
0.0
 11
132.5
 21
112.0
 31
0.0
  0
LINE
  5
84
330
17
100
AcDbEntity
  8
0
100
AcDbLine
 10
132.5
 20
112.0
 30
0.0
 11
133.0
 21
112.5
 31
0.0
  0
LINE
  5
85
330
17
100
AcDbEntity
  8
0
100
AcDbLine
 10
133.0
 20
112.5
 30
0.0
 11
133.5
 21
113.0
 31
0.0
  0
LINE
  5
86
330
17
100
AcDbEntity
  8
0
100
AcDbLine
 10
133.5
 20
113.0
 30
0.0
 11
134.0
 21
113.5
 31
0.0
  0
LINE
  5
87
330
17
100
AcDbEntity
  8
0
100
AcDbLine
 10
134.0
 20
113.5
 30
0.0
 11
134.5
 21
114.0
 31
0.0
  0
LINE
  5
88
330
17
100
AcDbEntity
  8
0
100
AcDbLine
 10
134.5
 20
114.0
 30
0.0
 11
135.0
 21
114.5
 31
0.0
  0
LINE
  5
89
330
17
100
AcDbEntity
  8
0
100
AcDbLine
 10
135.0
 20
114.5
 30
0.0
 11
135.5
 21
115.0
 31
0.0
  0
LINE
  5
8A
330
17
100
AcDbEntity
  8
0
100
AcDbLine
 10
135.5
 20
115.0
 30
0.0
 11
136.0
 21
115.5
 31
0.0
  0
LINE
  5
8B
330
17
100
AcDbEntity
  8
0
100
AcDbLine
 10
136.0
 20
115.5
 30
0.0
 11
136.5
 21
116.0
 31
0.0
  0
LINE
  5
8C
330
17
100
AcDbEntity
  8
0
100
AcDbLine
 10
136.5
 20
116.0
 30
0.0
 11
137.0
 21
116.5
 31
0.0
  0
LINE
  5
8D
330
17
100
AcDbEntity
  8
0
100
AcDbLine
 10
137.0
 20
116.5
 30
0.0
 11
137.5
 21
117.0
 31
0.0
  0
LINE
  5
8E
330
17
100
AcDbEntity
  8
0
100
AcDbLine
 10
137.5
 20
117.0
 30
0.0
 11
138.0
 21
117.5
 31
0.0
  0
LINE
  5
8F
330
17
100
AcDbEntity
  8
0
100
AcDbLine
 10
138.0
 20
117.5
 30
0.0
 11
138.5
 21
118.0
 31
0.0
  0
LINE
  5
90
330
17
100
AcDbEntity
  8
0
100
AcDbLine
 10
138.5
 20
118.0
 30
0.0
 11
139.0
 21
118.5
 31
0.0
  0
LINE
  5
91
330
17
100
AcDbEntity
  8
0
100
AcDbLine
 10
139.0
 20
118.5
 30
0.0
 11
139.5
 21
119.0
 31
0.0
  0
LINE
  5
92
330
17
100
AcDbEntity
  8
0
100
AcDbLine
 10
139.5
 20
119.0
 30
0.0
 11
140.0
 21
119.5
 31
0.0
  0
LINE
  5
93
330
17
100
AcDbEntity
  8
0
100
AcDbLine
 10
140.0
 20
119.5
 30
0.0
 11
140.5
 21
120.0
 31
0.0
  0
LINE
  5
94
330
17
100
AcDbEntity
  8
0
100
AcDbLine
 10
140.5
 20
120.0
 30
0.0
 11
141.0
 21
121.0
 31
0.0
  0
LINE
  5
95
330
17
100
AcDbEntity
  8
0
100
AcDbLine
 10
141.0
 20
121.0
 30
0.0
 11
141.5
 21
121.5
 31
0.0
  0
LINE
  5
96
330
17
100
AcDbEntity
  8
0
100
AcDbLine
 10
141.5
 20
121.5
 30
0.0
 11
142.0
 21
122.0
 31
0.0
  0
LINE
  5
97
330
17
100
AcDbEntity
  8
0
100
AcDbLine
 10
142.0
 20
122.0
 30
0.0
 11
142.5
 21
122.5
 31
0.0
  0
LINE
  5
98
330
17
100
AcDbEntity
  8
0
100
AcDbLine
 10
142.5
 20
122.5
 30
0.0
 11
143.0
 21
123.0
 31
0.0
  0
LINE
  5
99
330
17
100
AcDbEntity
  8
0
100
AcDbLine
 10
143.0
 20
123.0
 30
0.0
 11
143.5
 21
123.5
 31
0.0
  0
LINE
  5
9A
330
17
100
AcDbEntity
  8
0
100
AcDbLine
 10
143.5
 20
123.5
 30
0.0
 11
144.0
 21
124.0
 31
0.0
  0
LINE
  5
9B
330
17
100
AcDbEntity
  8
0
100
AcDbLine
 10
144.0
 20
124.0
 30
0.0
 11
144.5
 21
124.5
 31
0.0
  0
LINE
  5
9C
330
17
100
AcDbEntity
  8
0
100
AcDbLine
 10
144.5
 20
124.5
 30
0.0
 11
145.0
 21
125.0
 31
0.0
  0
LINE
  5
9D
330
17
100
AcDbEntity
  8
0
100
AcDbLine
 10
145.0
 20
125.0
 30
0.0
 11
145.5
 21
125.5
 31
0.0
  0
LINE
  5
9E
330
17
100
AcDbEntity
  8
0
100
AcDbLine
 10
145.5
 20
125.5
 30
0.0
 11
146.0
 21
126.0
 31
0.0
  0
LINE
  5
9F
330
17
100
AcDbEntity
  8
0
100
AcDbLine
 10
146.0
 20
126.0
 30
0.0
 11
146.5
 21
126.5
 31
0.0
  0
LINE
  5
A0
330
17
100
AcDbEntity
  8
0
100
AcDbLine
 10
146.5
 20
126.5
 30
0.0
 11
147.0
 21
127.0
 31
0.0
  0
LINE
  5
A1
330
17
100
AcDbEntity
  8
0
100
AcDbLine
 10
147.0
 20
127.0
 30
0.0
 11
147.5
 21
128.0
 31
0.0
  0
LINE
  5
A2
330
17
100
AcDbEntity
  8
0
100
AcDbLine
 10
147.5
 20
128.0
 30
0.0
 11
148.0
 21
128.5
 31
0.0
  0
LINE
  5
A3
330
17
100
AcDbEntity
  8
0
100
AcDbLine
 10
148.0
 20
128.5
 30
0.0
 11
148.5
 21
129.0
 31
0.0
  0
LINE
  5
A4
330
17
100
AcDbEntity
  8
0
100
AcDbLine
 10
148.5
 20
129.0
 30
0.0
 11
149.0
 21
129.5
 31
0.0
  0
LINE
  5
A5
330
17
100
AcDbEntity
  8
0
100
AcDbLine
 10
149.0
 20
129.5
 30
0.0
 11
149.5
 21
130.0
 31
0.0
  0
LINE
  5
A6
330
17
100
AcDbEntity
  8
0
100
AcDbLine
 10
149.5
 20
130.0
 30
0.0
 11
150.0
 21
130.5
 31
0.0
  0
LINE
  5
A7
330
17
100
AcDbEntity
  8
0
100
AcDbLine
 10
150.0
 20
130.5
 30
0.0
 11
150.5
 21
131.0
 31
0.0
  0
LINE
  5
A8
330
17
100
AcDbEntity
  8
0
100
AcDbLine
 10
150.5
 20
131.0
 30
0.0
 11
151.0
 21
131.5
 31
0.0
  0
LINE
  5
A9
330
17
100
AcDbEntity
  8
0
100
AcDbLine
 10
151.0
 20
131.5
 30
0.0
 11
151.5
 21
132.5
 31
0.0
  0
LINE
  5
AA
330
17
100
AcDbEntity
  8
0
100
AcDbLine
 10
151.5
 20
132.5
 30
0.0
 11
152.0
 21
133.0
 31
0.0
  0
LINE
  5
AB
330
17
100
AcDbEntity
  8
0
100
AcDbLine
 10
152.0
 20
133.0
 30
0.0
 11
152.5
 21
133.5
 31
0.0
  0
LINE
  5
AC
330
17
100
AcDbEntity
  8
0
100
AcDbLine
 10
152.5
 20
133.5
 30
0.0
 11
153.0
 21
134.0
 31
0.0
  0
LINE
  5
AD
330
17
100
AcDbEntity
  8
0
100
AcDbLine
 10
153.0
 20
134.0
 30
0.0
 11
153.5
 21
134.5
 31
0.0
  0
LINE
  5
AE
330
17
100
AcDbEntity
  8
0
100
AcDbLine
 10
153.5
 20
134.5
 30
0.0
 11
154.0
 21
135.0
 31
0.0
  0
LINE
  5
AF
330
17
100
AcDbEntity
  8
0
100
AcDbLine
 10
154.0
 20
135.0
 30
0.0
 11
154.5
 21
136.0
 31
0.0
  0
LINE
  5
B0
330
17
100
AcDbEntity
  8
0
100
AcDbLine
 10
154.5
 20
136.0
 30
0.0
 11
155.0
 21
136.5
 31
0.0
  0
LINE
  5
B1
330
17
100
AcDbEntity
  8
0
100
AcDbLine
 10
155.0
 20
136.5
 30
0.0
 11
155.5
 21
137.0
 31
0.0
  0
LINE
  5
B2
330
17
100
AcDbEntity
  8
0
100
AcDbLine
 10
155.5
 20
137.0
 30
0.0
 11
156.0
 21
137.5
 31
0.0
  0
LINE
  5
B3
330
17
100
AcDbEntity
  8
0
100
AcDbLine
 10
156.0
 20
137.5
 30
0.0
 11
156.5
 21
138.0
 31
0.0
  0
LINE
  5
B4
330
17
100
AcDbEntity
  8
0
100
AcDbLine
 10
156.5
 20
138.0
 30
0.0
 11
157.0
 21
139.0
 31
0.0
  0
LINE
  5
B5
330
17
100
AcDbEntity
  8
0
100
AcDbLine
 10
157.0
 20
139.0
 30
0.0
 11
157.5
 21
139.5
 31
0.0
  0
LINE
  5
B6
330
17
100
AcDbEntity
  8
0
100
AcDbLine
 10
157.5
 20
139.5
 30
0.0
 11
158.0
 21
140.0
 31
0.0
  0
LINE
  5
B7
330
17
100
AcDbEntity
  8
0
100
AcDbLine
 10
158.0
 20
140.0
 30
0.0
 11
158.5
 21
140.5
 31
0.0
  0
LINE
  5
B8
330
17
100
AcDbEntity
  8
0
100
AcDbLine
 10
158.5
 20
140.5
 30
0.0
 11
159.0
 21
141.5
 31
0.0
  0
LINE
  5
B9
330
17
100
AcDbEntity
  8
0
100
AcDbLine
 10
159.0
 20
141.5
 30
0.0
 11
159.5
 21
142.0
 31
0.0
  0
LINE
  5
BA
330
17
100
AcDbEntity
  8
0
100
AcDbLine
 10
159.5
 20
142.0
 30
0.0
 11
160.0
 21
142.5
 31
0.0
  0
LINE
  5
BB
330
17
100
AcDbEntity
  8
0
100
AcDbLine
 10
160.0
 20
142.5
 30
0.0
 11
160.5
 21
143.0
 31
0.0
  0
LINE
  5
BC
330
17
100
AcDbEntity
  8
0
100
AcDbLine
 10
160.5
 20
143.0
 30
0.0
 11
161.0
 21
144.0
 31
0.0
  0
LINE
  5
BD
330
17
100
AcDbEntity
  8
0
100
AcDbLine
 10
161.0
 20
144.0
 30
0.0
 11
161.5
 21
144.5
 31
0.0
  0
LINE
  5
BE
330
17
100
AcDbEntity
  8
0
100
AcDbLine
 10
161.5
 20
144.5
 30
0.0
 11
162.0
 21
145.0
 31
0.0
  0
LINE
  5
BF
330
17
100
AcDbEntity
  8
0
100
AcDbLine
 10
162.0
 20
145.0
 30
0.0
 11
162.5
 21
146.0
 31
0.0
  0
LINE
  5
C0
330
17
100
AcDbEntity
  8
0
100
AcDbLine
 10
162.5
 20
146.0
 30
0.0
 11
163.0
 21
146.5
 31
0.0
  0
LINE
  5
C1
330
17
100
AcDbEntity
  8
0
100
AcDbLine
 10
163.0
 20
146.5
 30
0.0
 11
163.5
 21
147.0
 31
0.0
  0
LINE
  5
C2
330
17
100
AcDbEntity
  8
0
100
AcDbLine
 10
163.5
 20
147.0
 30
0.0
 11
164.0
 21
148.0
 31
0.0
  0
LINE
  5
C3
330
17
100
AcDbEntity
  8
0
100
AcDbLine
 10
164.0
 20
148.0
 30
0.0
 11
164.5
 21
148.5
 31
0.0
  0
LINE
  5
C4
330
17
100
AcDbEntity
  8
0
100
AcDbLine
 10
164.5
 20
148.5
 30
0.0
 11
165.0
 21
149.0
 31
0.0
  0
LINE
  5
C5
330
17
100
AcDbEntity
  8
0
100
AcDbLine
 10
165.0
 20
149.0
 30
0.0
 11
165.5
 21
150.0
 31
0.0
  0
LINE
  5
C6
330
17
100
AcDbEntity
  8
0
100
AcDbLine
 10
165.5
 20
150.0
 30
0.0
 11
166.0
 21
150.5
 31
0.0
  0
LINE
  5
C7
330
17
100
AcDbEntity
  8
0
100
AcDbLine
 10
166.0
 20
150.5
 30
0.0
 11
166.5
 21
151.0
 31
0.0
  0
LINE
  5
C8
330
17
100
AcDbEntity
  8
0
100
AcDbLine
 10
166.5
 20
151.0
 30
0.0
 11
167.0
 21
152.0
 31
0.0
  0
LINE
  5
C9
330
17
100
AcDbEntity
  8
0
100
AcDbLine
 10
167.0
 20
152.0
 30
0.0
 11
167.5
 21
152.5
 31
0.0
  0
LINE
  5
CA
330
17
100
AcDbEntity
  8
0
100
AcDbLine
 10
167.5
 20
152.5
 30
0.0
 11
168.0
 21
153.0
 31
0.0
  0
LINE
  5
CB
330
17
100
AcDbEntity
  8
0
100
AcDbLine
 10
168.0
 20
153.0
 30
0.0
 11
168.5
 21
154.0
 31
0.0
  0
LINE
  5
CC
330
17
100
AcDbEntity
  8
0
100
AcDbLine
 10
168.5
 20
154.0
 30
0.0
 11
169.0
 21
154.5
 31
0.0
  0
LINE
  5
CD
330
17
100
AcDbEntity
  8
0
100
AcDbLine
 10
169.0
 20
154.5
 30
0.0
 11
169.5
 21
155.5
 31
0.0
  0
LINE
  5
CE
330
17
100
AcDbEntity
  8
0
100
AcDbLine
 10
169.5
 20
155.5
 30
0.0
 11
170.0
 21
156.0
 31
0.0
  0
LINE
  5
CF
330
17
100
AcDbEntity
  8
0
100
AcDbLine
 10
170.0
 20
156.0
 30
0.0
 11
170.5
 21
156.5
 31
0.0
  0
LINE
  5
D0
330
17
100
AcDbEntity
  8
0
100
AcDbLine
 10
170.5
 20
156.5
 30
0.0
 11
171.0
 21
157.5
 31
0.0
  0
LINE
  5
D1
330
17
100
AcDbEntity
  8
0
100
AcDbLine
 10
171.0
 20
157.5
 30
0.0
 11
171.5
 21
158.0
 31
0.0
  0
LINE
  5
D2
330
17
100
AcDbEntity
  8
0
100
AcDbLine
 10
171.5
 20
158.0
 30
0.0
 11
172.0
 21
159.0
 31
0.0
  0
LINE
  5
D3
330
17
100
AcDbEntity
  8
0
100
AcDbLine
 10
172.0
 20
159.0
 30
0.0
 11
172.5
 21
159.5
 31
0.0
  0
LINE
  5
D4
330
17
100
AcDbEntity
  8
0
100
AcDbLine
 10
172.5
 20
159.5
 30
0.0
 11
173.0
 21
160.5
 31
0.0
  0
LINE
  5
D5
330
17
100
AcDbEntity
  8
0
100
AcDbLine
 10
173.0
 20
160.5
 30
0.0
 11
173.5
 21
161.0
 31
0.0
  0
LINE
  5
D6
330
17
100
AcDbEntity
  8
0
100
AcDbLine
 10
173.5
 20
161.0
 30
0.0
 11
174.0
 21
162.0
 31
0.0
  0
LINE
  5
D7
330
17
100
AcDbEntity
  8
0
100
AcDbLine
 10
174.0
 20
162.0
 30
0.0
 11
174.5
 21
162.5
 31
0.0
  0
LINE
  5
D8
330
17
100
AcDbEntity
  8
0
100
AcDbLine
 10
174.5
 20
162.5
 30
0.0
 11
175.0
 21
163.5
 31
0.0
  0
LINE
  5
D9
330
17
100
AcDbEntity
  8
0
100
AcDbLine
 10
175.0
 20
163.5
 30
0.0
 11
175.5
 21
164.0
 31
0.0
  0
LINE
  5
DA
330
17
100
AcDbEntity
  8
0
100
AcDbLine
 10
175.5
 20
164.0
 30
0.0
 11
176.0
 21
165.0
 31
0.0
  0
LINE
  5
DB
330
17
100
AcDbEntity
  8
0
100
AcDbLine
 10
176.0
 20
165.0
 30
0.0
 11
176.5
 21
165.5
 31
0.0
  0
LINE
  5
DC
330
17
100
AcDbEntity
  8
0
100
AcDbLine
 10
176.5
 20
165.5
 30
0.0
 11
177.0
 21
166.5
 31
0.0
  0
LINE
  5
DD
330
17
100
AcDbEntity
  8
0
100
AcDbLine
 10
177.0
 20
166.5
 30
0.0
 11
177.5
 21
167.0
 31
0.0
  0
LINE
  5
DE
330
17
100
AcDbEntity
  8
0
100
AcDbLine
 10
177.5
 20
167.0
 30
0.0
 11
178.0
 21
168.0
 31
0.0
  0
LINE
  5
DF
330
17
100
AcDbEntity
  8
0
100
AcDbLine
 10
178.0
 20
168.0
 30
0.0
 11
178.5
 21
169.0
 31
0.0
  0
LINE
  5
E0
330
17
100
AcDbEntity
  8
0
100
AcDbLine
 10
178.5
 20
169.0
 30
0.0
 11
179.0
 21
169.5
 31
0.0
  0
LINE
  5
E1
330
17
100
AcDbEntity
  8
0
100
AcDbLine
 10
179.0
 20
169.5
 30
0.0
 11
179.5
 21
170.5
 31
0.0
  0
LINE
  5
E2
330
17
100
AcDbEntity
  8
0
100
AcDbLine
 10
179.5
 20
170.5
 30
0.0
 11
180.0
 21
171.0
 31
0.0
  0
LINE
  5
E3
330
17
100
AcDbEntity
  8
0
100
AcDbLine
 10
180.0
 20
171.0
 30
0.0
 11
180.5
 21
172.0
 31
0.0
  0
LINE
  5
E4
330
17
100
AcDbEntity
  8
0
100
AcDbLine
 10
180.5
 20
172.0
 30
0.0
 11
181.0
 21
173.0
 31
0.0
  0
LINE
  5
E5
330
17
100
AcDbEntity
  8
0
100
AcDbLine
 10
181.0
 20
173.0
 30
0.0
 11
181.5
 21
173.5
 31
0.0
  0
LINE
  5
E6
330
17
100
AcDbEntity
  8
0
100
AcDbLine
 10
181.5
 20
173.5
 30
0.0
 11
182.0
 21
174.5
 31
0.0
  0
LINE
  5
E7
330
17
100
AcDbEntity
  8
0
100
AcDbLine
 10
182.0
 20
174.5
 30
0.0
 11
182.5
 21
175.5
 31
0.0
  0
LINE
  5
E8
330
17
100
AcDbEntity
  8
0
100
AcDbLine
 10
182.5
 20
175.5
 30
0.0
 11
183.0
 21
176.0
 31
0.0
  0
LINE
  5
E9
330
17
100
AcDbEntity
  8
0
100
AcDbLine
 10
183.0
 20
176.0
 30
0.0
 11
183.5
 21
177.0
 31
0.0
  0
LINE
  5
EA
330
17
100
AcDbEntity
  8
0
100
AcDbLine
 10
183.5
 20
177.0
 30
0.0
 11
184.0
 21
178.0
 31
0.0
  0
LINE
  5
EB
330
17
100
AcDbEntity
  8
0
100
AcDbLine
 10
184.0
 20
178.0
 30
0.0
 11
184.5
 21
179.0
 31
0.0
  0
LINE
  5
EC
330
17
100
AcDbEntity
  8
0
100
AcDbLine
 10
184.5
 20
179.0
 30
0.0
 11
185.0
 21
179.5
 31
0.0
  0
LINE
  5
ED
330
17
100
AcDbEntity
  8
0
100
AcDbLine
 10
185.0
 20
179.5
 30
0.0
 11
185.5
 21
180.5
 31
0.0
  0
LINE
  5
EE
330
17
100
AcDbEntity
  8
0
100
AcDbLine
 10
185.5
 20
180.5
 30
0.0
 11
186.0
 21
181.5
 31
0.0
  0
LINE
  5
EF
330
17
100
AcDbEntity
  8
0
100
AcDbLine
 10
186.0
 20
181.5
 30
0.0
 11
186.5
 21
182.5
 31
0.0
  0
LINE
  5
F0
330
17
100
AcDbEntity
  8
0
100
AcDbLine
 10
186.5
 20
182.5
 30
0.0
 11
187.0
 21
183.0
 31
0.0
  0
LINE
  5
F1
330
17
100
AcDbEntity
  8
0
100
AcDbLine
 10
187.0
 20
183.0
 30
0.0
 11
187.5
 21
184.0
 31
0.0
  0
LINE
  5
F2
330
17
100
AcDbEntity
  8
0
100
AcDbLine
 10
187.5
 20
184.0
 30
0.0
 11
188.0
 21
185.0
 31
0.0
  0
LINE
  5
F3
330
17
100
AcDbEntity
  8
0
100
AcDbLine
 10
188.0
 20
185.0
 30
0.0
 11
188.5
 21
186.0
 31
0.0
  0
LINE
  5
F4
330
17
100
AcDbEntity
  8
0
100
AcDbLine
 10
188.5
 20
186.0
 30
0.0
 11
189.0
 21
187.0
 31
0.0
  0
LINE
  5
F5
330
17
100
AcDbEntity
  8
0
100
AcDbLine
 10
189.0
 20
187.0
 30
0.0
 11
189.5
 21
188.0
 31
0.0
  0
LINE
  5
F6
330
17
100
AcDbEntity
  8
0
100
AcDbLine
 10
189.5
 20
188.0
 30
0.0
 11
190.0
 21
189.0
 31
0.0
  0
LINE
  5
F7
330
17
100
AcDbEntity
  8
0
100
AcDbLine
 10
190.0
 20
189.0
 30
0.0
 11
190.5
 21
189.5
 31
0.0
  0
LINE
  5
F8
330
17
100
AcDbEntity
  8
0
100
AcDbLine
 10
190.5
 20
189.5
 30
0.0
 11
191.0
 21
190.5
 31
0.0
  0
LINE
  5
F9
330
17
100
AcDbEntity
  8
0
100
AcDbLine
 10
191.0
 20
190.5
 30
0.0
 11
191.5
 21
191.5
 31
0.0
  0
LINE
  5
FA
330
17
100
AcDbEntity
  8
0
100
AcDbLine
 10
191.5
 20
191.5
 30
0.0
 11
192.0
 21
192.5
 31
0.0
  0
LINE
  5
FB
330
17
100
AcDbEntity
  8
0
100
AcDbLine
 10
192.0
 20
192.5
 30
0.0
 11
192.5
 21
193.5
 31
0.0
  0
LINE
  5
FC
330
17
100
AcDbEntity
  8
0
100
AcDbLine
 10
192.5
 20
193.5
 30
0.0
 11
193.0
 21
194.5
 31
0.0
  0
LINE
  5
FD
330
17
100
AcDbEntity
  8
0
100
AcDbLine
 10
193.0
 20
194.5
 30
0.0
 11
193.5
 21
195.5
 31
0.0
  0
LINE
  5
FE
330
17
100
AcDbEntity
  8
0
100
AcDbLine
 10
193.5
 20
195.5
 30
0.0
 11
194.0
 21
196.5
 31
0.0
  0
LINE
  5
FF
330
17
100
AcDbEntity
  8
0
100
AcDbLine
 10
194.0
 20
196.5
 30
0.0
 11
194.5
 21
197.5
 31
0.0
  0
LINE
  5
100
330
17
100
AcDbEntity
  8
0
100
AcDbLine
 10
194.5
 20
197.5
 30
0.0
 11
195.0
 21
198.5
 31
0.0
  0
LINE
  5
101
330
17
100
AcDbEntity
  8
0
100
AcDbLine
 10
195.0
 20
198.5
 30
0.0
 11
195.5
 21
200.0
 31
0.0
  0
LINE
  5
102
330
17
100
AcDbEntity
  8
0
100
AcDbLine
 10
195.5
 20
200.0
 30
0.0
 11
196.0
 21
201.0
 31
0.0
  0
LINE
  5
103
330
17
100
AcDbEntity
  8
0
100
AcDbLine
 10
196.0
 20
201.0
 30
0.0
 11
196.5
 21
202.0
 31
0.0
  0
LINE
  5
104
330
17
100
AcDbEntity
  8
0
100
AcDbLine
 10
196.5
 20
202.0
 30
0.0
 11
197.0
 21
203.0
 31
0.0
  0
LINE
  5
105
330
17
100
AcDbEntity
  8
0
100
AcDbLine
 10
197.0
 20
203.0
 30
0.0
 11
197.5
 21
204.0
 31
0.0
  0
LINE
  5
106
330
17
100
AcDbEntity
  8
0
100
AcDbLine
 10
197.5
 20
204.0
 30
0.0
 11
198.0
 21
205.0
 31
0.0
  0
LINE
  5
107
330
17
100
AcDbEntity
  8
0
100
AcDbLine
 10
198.0
 20
205.0
 30
0.0
 11
198.5
 21
206.5
 31
0.0
  0
LINE
  5
108
330
17
100
AcDbEntity
  8
0
100
AcDbLine
 10
198.5
 20
206.5
 30
0.0
 11
199.0
 21
207.5
 31
0.0
  0
LINE
  5
109
330
17
100
AcDbEntity
  8
0
100
AcDbLine
 10
199.0
 20
207.5
 30
0.0
 11
199.5
 21
208.5
 31
0.0
  0
LINE
  5
10A
330
17
100
AcDbEntity
  8
0
100
AcDbLine
 10
199.5
 20
208.5
 30
0.0
 11
200.0
 21
209.5
 31
0.0
  0
LINE
  5
10B
330
17
100
AcDbEntity
  8
0
100
AcDbLine
 10
200.0
 20
209.5
 30
0.0
 11
200.5
 21
211.0
 31
0.0
  0
LINE
  5
10C
330
17
100
AcDbEntity
  8
0
100
AcDbLine
 10
200.5
 20
211.0
 30
0.0
 11
201.0
 21
212.0
 31
0.0
  0
LINE
  5
10D
330
17
100
AcDbEntity
  8
0
100
AcDbLine
 10
201.0
 20
212.0
 30
0.0
 11
201.5
 21
213.0
 31
0.0
  0
LINE
  5
10E
330
17
100
AcDbEntity
  8
0
100
AcDbLine
 10
201.5
 20
213.0
 30
0.0
 11
202.0
 21
214.5
 31
0.0
  0
LINE
  5
10F
330
17
100
AcDbEntity
  8
0
100
AcDbLine
 10
202.0
 20
214.5
 30
0.0
 11
202.5
 21
215.5
 31
0.0
  0
LINE
  5
110
330
17
100
AcDbEntity
  8
0
100
AcDbLine
 10
202.5
 20
215.5
 30
0.0
 11
203.0
 21
217.0
 31
0.0
  0
LINE
  5
111
330
17
100
AcDbEntity
  8
0
100
AcDbLine
 10
203.0
 20
217.0
 30
0.0
 11
203.5
 21
218.0
 31
0.0
  0
LINE
  5
112
330
17
100
AcDbEntity
  8
0
100
AcDbLine
 10
203.5
 20
218.0
 30
0.0
 11
204.0
 21
219.5
 31
0.0
  0
LINE
  5
113
330
17
100
AcDbEntity
  8
0
100
AcDbLine
 10
204.0
 20
219.5
 30
0.0
 11
204.5
 21
220.5
 31
0.0
  0
LINE
  5
114
330
17
100
AcDbEntity
  8
0
100
AcDbLine
 10
204.5
 20
220.5
 30
0.0
 11
205.0
 21
222.0
 31
0.0
  0
LINE
  5
115
330
17
100
AcDbEntity
  8
0
100
AcDbLine
 10
205.0
 20
222.0
 30
0.0
 11
205.5
 21
223.5
 31
0.0
  0
LINE
  5
116
330
17
100
AcDbEntity
  8
0
100
AcDbLine
 10
205.5
 20
223.5
 30
0.0
 11
206.0
 21
224.5
 31
0.0
  0
LINE
  5
117
330
17
100
AcDbEntity
  8
0
100
AcDbLine
 10
206.0
 20
224.5
 30
0.0
 11
206.5
 21
226.0
 31
0.0
  0
LINE
  5
118
330
17
100
AcDbEntity
  8
0
100
AcDbLine
 10
206.5
 20
226.0
 30
0.0
 11
207.0
 21
227.5
 31
0.0
  0
LINE
  5
119
330
17
100
AcDbEntity
  8
0
100
AcDbLine
 10
207.0
 20
227.5
 30
0.0
 11
207.5
 21
229.0
 31
0.0
  0
LINE
  5
11A
330
17
100
AcDbEntity
  8
0
100
AcDbLine
 10
207.5
 20
229.0
 30
0.0
 11
208.0
 21
230.5
 31
0.0
  0
LINE
  5
11B
330
17
100
AcDbEntity
  8
0
100
AcDbLine
 10
208.0
 20
230.5
 30
0.0
 11
208.5
 21
232.0
 31
0.0
  0
LINE
  5
11C
330
17
100
AcDbEntity
  8
0
100
AcDbLine
 10
208.5
 20
232.0
 30
0.0
 11
209.0
 21
233.5
 31
0.0
  0
LINE
  5
11D
330
17
100
AcDbEntity
  8
0
100
AcDbLine
 10
209.0
 20
233.5
 30
0.0
 11
209.5
 21
235.0
 31
0.0
  0
LINE
  5
11E
330
17
100
AcDbEntity
  8
0
100
AcDbLine
 10
209.5
 20
235.0
 30
0.0
 11
210.0
 21
236.5
 31
0.0
  0
LINE
  5
11F
330
17
100
AcDbEntity
  8
0
100
AcDbLine
 10
210.0
 20
236.5
 30
0.0
 11
210.5
 21
238.0
 31
0.0
  0
LINE
  5
120
330
17
100
AcDbEntity
  8
0
100
AcDbLine
 10
210.5
 20
238.0
 30
0.0
 11
211.0
 21
239.5
 31
0.0
  0
LINE
  5
121
330
17
100
AcDbEntity
  8
0
100
AcDbLine
 10
211.0
 20
239.5
 30
0.0
 11
211.5
 21
241.0
 31
0.0
  0
LINE
  5
122
330
17
100
AcDbEntity
  8
0
100
AcDbLine
 10
211.5
 20
241.0
 30
0.0
 11
212.0
 21
242.5
 31
0.0
  0
LINE
  5
123
330
17
100
AcDbEntity
  8
0
100
AcDbLine
 10
212.0
 20
242.5
 30
0.0
 11
212.5
 21
244.5
 31
0.0
  0
LINE
  5
124
330
17
100
AcDbEntity
  8
0
100
AcDbLine
 10
212.5
 20
244.5
 30
0.0
 11
213.0
 21
246.0
 31
0.0
  0
LINE
  5
125
330
17
100
AcDbEntity
  8
0
100
AcDbLine
 10
213.0
 20
246.0
 30
0.0
 11
213.5
 21
248.0
 31
0.0
  0
LINE
  5
126
330
17
100
AcDbEntity
  8
0
100
AcDbLine
 10
213.5
 20
248.0
 30
0.0
 11
214.0
 21
250.0
 31
0.0
  0
LINE
  5
127
330
17
100
AcDbEntity
  8
0
100
AcDbLine
 10
214.0
 20
250.0
 30
0.0
 11
214.5
 21
251.5
 31
0.0
  0
LINE
  5
128
330
17
100
AcDbEntity
  8
0
100
AcDbLine
 10
214.5
 20
251.5
 30
0.0
 11
215.0
 21
253.5
 31
0.0
  0
LINE
  5
129
330
17
100
AcDbEntity
  8
0
100
AcDbLine
 10
215.0
 20
253.5
 30
0.0
 11
215.5
 21
255.5
 31
0.0
  0
LINE
  5
12A
330
17
100
AcDbEntity
  8
0
100
AcDbLine
 10
215.5
 20
255.5
 30
0.0
 11
216.0
 21
257.5
 31
0.0
  0
LINE
  5
12B
330
17
100
AcDbEntity
  8
0
100
AcDbLine
 10
216.0
 20
257.5
 30
0.0
 11
216.5
 21
259.5
 31
0.0
  0
LINE
  5
12C
330
17
100
AcDbEntity
  8
0
100
AcDbLine
 10
216.5
 20
259.5
 30
0.0
 11
217.0
 21
262.0
 31
0.0
  0
LINE
  5
12D
330
17
100
AcDbEntity
  8
0
100
AcDbLine
 10
217.0
 20
262.0
 30
0.0
 11
217.5
 21
264.0
 31
0.0
  0
LINE
  5
12E
330
17
100
AcDbEntity
  8
0
100
AcDbLine
 10
217.5
 20
264.0
 30
0.0
 11
218.0
 21
266.5
 31
0.0
  0
LINE
  5
12F
330
17
100
AcDbEntity
  8
0
100
AcDbLine
 10
218.0
 20
266.5
 30
0.0
 11
218.5
 21
268.5
 31
0.0
  0
LINE
  5
130
330
17
100
AcDbEntity
  8
0
100
AcDbLine
 10
218.5
 20
268.5
 30
0.0
 11
219.0
 21
271.5
 31
0.0
  0
LINE
  5
131
330
17
100
AcDbEntity
  8
0
100
AcDbLine
 10
219.0
 20
271.5
 30
0.0
 11
219.5
 21
274.0
 31
0.0
  0
LINE
  5
132
330
17
100
AcDbEntity
  8
0
100
AcDbLine
 10
219.5
 20
274.0
 30
0.0
 11
220.0
 21
276.5
 31
0.0
  0
LINE
  5
133
330
17
100
AcDbEntity
  8
0
100
AcDbLine
 10
220.0
 20
276.5
 30
0.0
 11
220.5
 21
279.5
 31
0.0
  0
LINE
  5
134
330
17
100
AcDbEntity
  8
0
100
AcDbLine
 10
220.5
 20
279.5
 30
0.0
 11
221.0
 21
283.0
 31
0.0
  0
LINE
  5
135
330
17
100
AcDbEntity
  8
0
100
AcDbLine
 10
221.0
 20
283.0
 30
0.0
 11
221.5
 21
286.0
 31
0.0
  0
LINE
  5
136
330
17
100
AcDbEntity
  8
0
100
AcDbLine
 10
221.5
 20
286.0
 30
0.0
 11
222.0
 21
290.0
 31
0.0
  0
LINE
  5
137
330
17
100
AcDbEntity
  8
0
100
AcDbLine
 10
222.0
 20
290.0
 30
0.0
 11
222.5
 21
294.0
 31
0.0
  0
LINE
  5
138
330
17
100
AcDbEntity
  8
0
100
AcDbLine
 10
222.5
 20
294.0
 30
0.0
 11
223.0
 21
298.5
 31
0.0
  0
LINE
  5
139
330
17
100
AcDbEntity
  8
0
100
AcDbLine
 10
223.0
 20
298.5
 30
0.0
 11
223.5
 21
304.0
 31
0.0
  0
LINE
  5
13A
330
17
100
AcDbEntity
  8
0
100
AcDbLine
 10
223.5
 20
304.0
 30
0.0
 11
224.0
 21
311.0
 31
0.0
  0
LINE
  5
13B
330
17
100
AcDbEntity
  8
0
100
AcDbLine
 10
224.0
 20
311.0
 30
0.0
 11
224.5
 21
328.5
 31
0.0
  0
LINE
  5
13C
330
17
100
AcDbEntity
  8
0
100
AcDbLine
 10
224.5
 20
328.5
 30
0.0
 11
225.0
 21
328.5
 31
0.0
  0
LINE
  5
13D
330
17
100
AcDbEntity
  8
0
100
AcDbLine
 10
225.0
 20
328.5
 30
0.0
 11
225.5
 21
329.0
 31
0.0
  0
LINE
  5
13E
330
17
100
AcDbEntity
  8
0
100
AcDbLine
 10
225.5
 20
329.0
 30
0.0
 11
226.0
 21
329.0
 31
0.0
  0
LINE
  5
13F
330
17
100
AcDbEntity
  8
0
100
AcDbLine
 10
226.0
 20
329.0
 30
0.0
 11
226.5
 21
329.0
 31
0.0
  0
LINE
  5
140
330
17
100
AcDbEntity
  8
0
100
AcDbLine
 10
226.5
 20
329.0
 30
0.0
 11
227.0
 21
329.5
 31
0.0
  0
LINE
  5
141
330
17
100
AcDbEntity
  8
0
100
AcDbLine
 10
227.0
 20
329.5
 30
0.0
 11
227.5
 21
329.5
 31
0.0
  0
LINE
  5
142
330
17
100
AcDbEntity
  8
0
100
AcDbLine
 10
227.5
 20
329.5
 30
0.0
 11
228.0
 21
329.5
 31
0.0
  0
LINE
  5
143
330
17
100
AcDbEntity
  8
0
100
AcDbLine
 10
228.0
 20
329.5
 30
0.0
 11
228.5
 21
330.0
 31
0.0
  0
LINE
  5
144
330
17
100
AcDbEntity
  8
0
100
AcDbLine
 10
228.5
 20
330.0
 30
0.0
 11
229.0
 21
330.0
 31
0.0
  0
LINE
  5
145
330
17
100
AcDbEntity
  8
0
100
AcDbLine
 10
229.0
 20
330.0
 30
0.0
 11
229.5
 21
330.0
 31
0.0
  0
LINE
  5
146
330
17
100
AcDbEntity
  8
0
100
AcDbLine
 10
229.5
 20
330.0
 30
0.0
 11
230.0
 21
330.5
 31
0.0
  0
LINE
  5
147
330
17
100
AcDbEntity
  8
0
100
AcDbLine
 10
230.0
 20
330.5
 30
0.0
 11
230.5
 21
330.5
 31
0.0
  0
LINE
  5
148
330
17
100
AcDbEntity
  8
0
100
AcDbLine
 10
230.5
 20
330.5
 30
0.0
 11
231.0
 21
330.5
 31
0.0
  0
LINE
  5
149
330
17
100
AcDbEntity
  8
0
100
AcDbLine
 10
231.0
 20
330.5
 30
0.0
 11
231.5
 21
331.0
 31
0.0
  0
LINE
  5
14A
330
17
100
AcDbEntity
  8
0
100
AcDbLine
 10
231.5
 20
331.0
 30
0.0
 11
232.0
 21
331.0
 31
0.0
  0
LINE
  5
14B
330
17
100
AcDbEntity
  8
0
100
AcDbLine
 10
232.0
 20
331.0
 30
0.0
 11
232.5
 21
331.0
 31
0.0
  0
LINE
  5
14C
330
17
100
AcDbEntity
  8
0
100
AcDbLine
 10
232.5
 20
331.0
 30
0.0
 11
233.0
 21
331.5
 31
0.0
  0
LINE
  5
14D
330
17
100
AcDbEntity
  8
0
100
AcDbLine
 10
233.0
 20
331.5
 30
0.0
 11
233.5
 21
331.5
 31
0.0
  0
LINE
  5
14E
330
17
100
AcDbEntity
  8
0
100
AcDbLine
 10
233.5
 20
331.5
 30
0.0
 11
234.0
 21
331.5
 31
0.0
  0
LINE
  5
14F
330
17
100
AcDbEntity
  8
0
100
AcDbLine
 10
234.0
 20
331.5
 30
0.0
 11
234.5
 21
332.0
 31
0.0
  0
LINE
  5
150
330
17
100
AcDbEntity
  8
0
100
AcDbLine
 10
234.5
 20
332.0
 30
0.0
 11
235.0
 21
332.0
 31
0.0
  0
LINE
  5
151
330
17
100
AcDbEntity
  8
0
100
AcDbLine
 10
235.0
 20
332.0
 30
0.0
 11
235.5
 21
332.0
 31
0.0
  0
LINE
  5
152
330
17
100
AcDbEntity
  8
0
100
AcDbLine
 10
235.5
 20
332.0
 30
0.0
 11
236.0
 21
332.5
 31
0.0
  0
LINE
  5
153
330
17
100
AcDbEntity
  8
0
100
AcDbLine
 10
236.0
 20
332.5
 30
0.0
 11
236.5
 21
332.5
 31
0.0
  0
LINE
  5
154
330
17
100
AcDbEntity
  8
0
100
AcDbLine
 10
236.5
 20
332.5
 30
0.0
 11
237.0
 21
332.5
 31
0.0
  0
LINE
  5
155
330
17
100
AcDbEntity
  8
0
100
AcDbLine
 10
237.0
 20
332.5
 30
0.0
 11
237.5
 21
333.0
 31
0.0
  0
LINE
  5
156
330
17
100
AcDbEntity
  8
0
100
AcDbLine
 10
237.5
 20
333.0
 30
0.0
 11
238.0
 21
333.0
 31
0.0
  0
LINE
  5
157
330
17
100
AcDbEntity
  8
0
100
AcDbLine
 10
238.0
 20
333.0
 30
0.0
 11
238.5
 21
333.0
 31
0.0
  0
LINE
  5
158
330
17
100
AcDbEntity
  8
0
100
AcDbLine
 10
238.5
 20
333.0
 30
0.0
 11
239.0
 21
333.0
 31
0.0
  0
LINE
  5
159
330
17
100
AcDbEntity
  8
0
100
AcDbLine
 10
239.0
 20
333.0
 30
0.0
 11
239.5
 21
333.5
 31
0.0
  0
LINE
  5
15A
330
17
100
AcDbEntity
  8
0
100
AcDbLine
 10
239.5
 20
333.5
 30
0.0
 11
240.0
 21
333.5
 31
0.0
  0
LINE
  5
15B
330
17
100
AcDbEntity
  8
0
100
AcDbLine
 10
240.0
 20
333.5
 30
0.0
 11
240.5
 21
333.5
 31
0.0
  0
LINE
  5
15C
330
17
100
AcDbEntity
  8
0
100
AcDbLine
 10
240.5
 20
333.5
 30
0.0
 11
241.0
 21
334.0
 31
0.0
  0
LINE
  5
15D
330
17
100
AcDbEntity
  8
0
100
AcDbLine
 10
241.0
 20
334.0
 30
0.0
 11
241.5
 21
334.0
 31
0.0
  0
LINE
  5
15E
330
17
100
AcDbEntity
  8
0
100
AcDbLine
 10
241.5
 20
334.0
 30
0.0
 11
242.0
 21
334.0
 31
0.0
  0
LINE
  5
15F
330
17
100
AcDbEntity
  8
0
100
AcDbLine
 10
242.0
 20
334.0
 30
0.0
 11
242.5
 21
334.0
 31
0.0
  0
LINE
  5
160
330
17
100
AcDbEntity
  8
0
100
AcDbLine
 10
242.5
 20
334.0
 30
0.0
 11
243.0
 21
334.5
 31
0.0
  0
LINE
  5
161
330
17
100
AcDbEntity
  8
0
100
AcDbLine
 10
243.0
 20
334.5
 30
0.0
 11
243.5
 21
334.5
 31
0.0
  0
LINE
  5
162
330
17
100
AcDbEntity
  8
0
100
AcDbLine
 10
243.5
 20
334.5
 30
0.0
 11
244.0
 21
334.5
 31
0.0
  0
LINE
  5
163
330
17
100
AcDbEntity
  8
0
100
AcDbLine
 10
244.0
 20
334.5
 30
0.0
 11
244.5
 21
335.0
 31
0.0
  0
LINE
  5
164
330
17
100
AcDbEntity
  8
0
100
AcDbLine
 10
244.5
 20
335.0
 30
0.0
 11
245.0
 21
335.0
 31
0.0
  0
LINE
  5
165
330
17
100
AcDbEntity
  8
0
100
AcDbLine
 10
245.0
 20
335.0
 30
0.0
 11
245.5
 21
335.0
 31
0.0
  0
LINE
  5
166
330
17
100
AcDbEntity
  8
0
100
AcDbLine
 10
245.5
 20
335.0
 30
0.0
 11
246.0
 21
335.0
 31
0.0
  0
LINE
  5
167
330
17
100
AcDbEntity
  8
0
100
AcDbLine
 10
246.0
 20
335.0
 30
0.0
 11
246.5
 21
335.5
 31
0.0
  0
LINE
  5
168
330
17
100
AcDbEntity
  8
0
100
AcDbLine
 10
246.5
 20
335.5
 30
0.0
 11
247.0
 21
335.5
 31
0.0
  0
LINE
  5
169
330
17
100
AcDbEntity
  8
0
100
AcDbLine
 10
247.0
 20
335.5
 30
0.0
 11
247.5
 21
335.5
 31
0.0
  0
LINE
  5
16A
330
17
100
AcDbEntity
  8
0
100
AcDbLine
 10
247.5
 20
335.5
 30
0.0
 11
248.0
 21
335.5
 31
0.0
  0
LINE
  5
16B
330
17
100
AcDbEntity
  8
0
100
AcDbLine
 10
248.0
 20
335.5
 30
0.0
 11
248.5
 21
336.0
 31
0.0
  0
LINE
  5
16C
330
17
100
AcDbEntity
  8
0
100
AcDbLine
 10
248.5
 20
336.0
 30
0.0
 11
249.0
 21
336.0
 31
0.0
  0
LINE
  5
16D
330
17
100
AcDbEntity
  8
0
100
AcDbLine
 10
249.0
 20
336.0
 30
0.0
 11
249.5
 21
336.0
 31
0.0
  0
LINE
  5
16E
330
17
100
AcDbEntity
  8
0
100
AcDbLine
 10
249.5
 20
336.0
 30
0.0
 11
250.0
 21
336.0
 31
0.0
  0
LINE
  5
16F
330
17
100
AcDbEntity
  8
0
100
AcDbLine
 10
250.0
 20
336.0
 30
0.0
 11
250.5
 21
336.5
 31
0.0
  0
LINE
  5
170
330
17
100
AcDbEntity
  8
0
100
AcDbLine
 10
250.5
 20
336.5
 30
0.0
 11
251.0
 21
336.5
 31
0.0
  0
LINE
  5
171
330
17
100
AcDbEntity
  8
0
100
AcDbLine
 10
251.0
 20
336.5
 30
0.0
 11
251.5
 21
336.5
 31
0.0
  0
LINE
  5
172
330
17
100
AcDbEntity
  8
0
100
AcDbLine
 10
251.5
 20
336.5
 30
0.0
 11
252.0
 21
336.5
 31
0.0
  0
LINE
  5
173
330
17
100
AcDbEntity
  8
0
100
AcDbLine
 10
252.0
 20
336.5
 30
0.0
 11
252.5
 21
337.0
 31
0.0
  0
LINE
  5
174
330
17
100
AcDbEntity
  8
0
100
AcDbLine
 10
252.5
 20
337.0
 30
0.0
 11
253.0
 21
337.0
 31
0.0
  0
LINE
  5
175
330
17
100
AcDbEntity
  8
0
100
AcDbLine
 10
253.0
 20
337.0
 30
0.0
 11
253.5
 21
337.0
 31
0.0
  0
LINE
  5
176
330
17
100
AcDbEntity
  8
0
100
AcDbLine
 10
253.5
 20
337.0
 30
0.0
 11
254.0
 21
337.0
 31
0.0
  0
LINE
  5
177
330
17
100
AcDbEntity
  8
0
100
AcDbLine
 10
254.0
 20
337.0
 30
0.0
 11
254.5
 21
337.5
 31
0.0
  0
LINE
  5
178
330
17
100
AcDbEntity
  8
0
100
AcDbLine
 10
254.5
 20
337.5
 30
0.0
 11
255.0
 21
337.5
 31
0.0
  0
LINE
  5
179
330
17
100
AcDbEntity
  8
0
100
AcDbLine
 10
255.0
 20
337.5
 30
0.0
 11
255.5
 21
337.5
 31
0.0
  0
LINE
  5
17A
330
17
100
AcDbEntity
  8
0
100
AcDbLine
 10
255.5
 20
337.5
 30
0.0
 11
256.0
 21
337.5
 31
0.0
  0
LINE
  5
17B
330
17
100
AcDbEntity
  8
0
100
AcDbLine
 10
256.0
 20
337.5
 30
0.0
 11
256.5
 21
337.5
 31
0.0
  0
LINE
  5
17C
330
17
100
AcDbEntity
  8
0
100
AcDbLine
 10
256.5
 20
337.5
 30
0.0
 11
257.0
 21
338.0
 31
0.0
  0
LINE
  5
17D
330
17
100
AcDbEntity
  8
0
100
AcDbLine
 10
257.0
 20
338.0
 30
0.0
 11
257.5
 21
338.0
 31
0.0
  0
LINE
  5
17E
330
17
100
AcDbEntity
  8
0
100
AcDbLine
 10
257.5
 20
338.0
 30
0.0
 11
258.0
 21
338.0
 31
0.0
  0
LINE
  5
17F
330
17
100
AcDbEntity
  8
0
100
AcDbLine
 10
258.0
 20
338.0
 30
0.0
 11
258.5
 21
338.0
 31
0.0
  0
LINE
  5
180
330
17
100
AcDbEntity
  8
0
100
AcDbLine
 10
258.5
 20
338.0
 30
0.0
 11
259.0
 21
338.0
 31
0.0
  0
LINE
  5
181
330
17
100
AcDbEntity
  8
0
100
AcDbLine
 10
259.0
 20
338.0
 30
0.0
 11
259.5
 21
338.5
 31
0.0
  0
LINE
  5
182
330
17
100
AcDbEntity
  8
0
100
AcDbLine
 10
259.5
 20
338.5
 30
0.0
 11
260.0
 21
338.5
 31
0.0
  0
LINE
  5
183
330
17
100
AcDbEntity
  8
0
100
AcDbLine
 10
260.0
 20
338.5
 30
0.0
 11
260.5
 21
338.5
 31
0.0
  0
LINE
  5
184
330
17
100
AcDbEntity
  8
0
100
AcDbLine
 10
260.5
 20
338.5
 30
0.0
 11
261.0
 21
338.5
 31
0.0
  0
LINE
  5
185
330
17
100
AcDbEntity
  8
0
100
AcDbLine
 10
261.0
 20
338.5
 30
0.0
 11
261.5
 21
339.0
 31
0.0
  0
LINE
  5
186
330
17
100
AcDbEntity
  8
0
100
AcDbLine
 10
261.5
 20
339.0
 30
0.0
 11
262.0
 21
339.0
 31
0.0
  0
LINE
  5
187
330
17
100
AcDbEntity
  8
0
100
AcDbLine
 10
262.0
 20
339.0
 30
0.0
 11
262.5
 21
339.0
 31
0.0
  0
LINE
  5
188
330
17
100
AcDbEntity
  8
0
100
AcDbLine
 10
262.5
 20
339.0
 30
0.0
 11
263.0
 21
339.0
 31
0.0
  0
LINE
  5
189
330
17
100
AcDbEntity
  8
0
100
AcDbLine
 10
263.0
 20
339.0
 30
0.0
 11
263.5
 21
339.0
 31
0.0
  0
LINE
  5
18A
330
17
100
AcDbEntity
  8
0
100
AcDbLine
 10
263.5
 20
339.0
 30
0.0
 11
264.0
 21
339.0
 31
0.0
  0
LINE
  5
18B
330
17
100
AcDbEntity
  8
0
100
AcDbLine
 10
264.0
 20
339.0
 30
0.0
 11
264.5
 21
339.5
 31
0.0
  0
LINE
  5
18C
330
17
100
AcDbEntity
  8
0
100
AcDbLine
 10
264.5
 20
339.5
 30
0.0
 11
265.0
 21
339.5
 31
0.0
  0
LINE
  5
18D
330
17
100
AcDbEntity
  8
0
100
AcDbLine
 10
265.0
 20
339.5
 30
0.0
 11
265.5
 21
339.5
 31
0.0
  0
LINE
  5
18E
330
17
100
AcDbEntity
  8
0
100
AcDbLine
 10
265.5
 20
339.5
 30
0.0
 11
266.0
 21
339.5
 31
0.0
  0
LINE
  5
18F
330
17
100
AcDbEntity
  8
0
100
AcDbLine
 10
266.0
 20
339.5
 30
0.0
 11
266.5
 21
339.5
 31
0.0
  0
LINE
  5
190
330
17
100
AcDbEntity
  8
0
100
AcDbLine
 10
266.5
 20
339.5
 30
0.0
 11
267.0
 21
340.0
 31
0.0
  0
LINE
  5
191
330
17
100
AcDbEntity
  8
0
100
AcDbLine
 10
267.0
 20
340.0
 30
0.0
 11
267.5
 21
340.0
 31
0.0
  0
LINE
  5
192
330
17
100
AcDbEntity
  8
0
100
AcDbLine
 10
267.5
 20
340.0
 30
0.0
 11
268.0
 21
340.0
 31
0.0
  0
LINE
  5
193
330
17
100
AcDbEntity
  8
0
100
AcDbLine
 10
268.0
 20
340.0
 30
0.0
 11
268.5
 21
340.0
 31
0.0
  0
LINE
  5
194
330
17
100
AcDbEntity
  8
0
100
AcDbLine
 10
268.5
 20
340.0
 30
0.0
 11
269.0
 21
340.0
 31
0.0
  0
LINE
  5
195
330
17
100
AcDbEntity
  8
0
100
AcDbLine
 10
269.0
 20
340.0
 30
0.0
 11
269.5
 21
340.0
 31
0.0
  0
LINE
  5
196
330
17
100
AcDbEntity
  8
0
100
AcDbLine
 10
269.5
 20
340.0
 30
0.0
 11
270.0
 21
340.5
 31
0.0
  0
LINE
  5
197
330
17
100
AcDbEntity
  8
0
100
AcDbLine
 10
270.0
 20
340.5
 30
0.0
 11
270.5
 21
340.5
 31
0.0
  0
LINE
  5
198
330
17
100
AcDbEntity
  8
0
100
AcDbLine
 10
270.5
 20
340.5
 30
0.0
 11
271.0
 21
340.5
 31
0.0
  0
LINE
  5
199
330
17
100
AcDbEntity
  8
0
100
AcDbLine
 10
271.0
 20
340.5
 30
0.0
 11
271.5
 21
340.5
 31
0.0
  0
LINE
  5
19A
330
17
100
AcDbEntity
  8
0
100
AcDbLine
 10
271.5
 20
340.5
 30
0.0
 11
272.0
 21
340.5
 31
0.0
  0
LINE
  5
19B
330
17
100
AcDbEntity
  8
0
100
AcDbLine
 10
272.0
 20
340.5
 30
0.0
 11
272.5
 21
340.5
 31
0.0
  0
LINE
  5
19C
330
17
100
AcDbEntity
  8
0
100
AcDbLine
 10
272.5
 20
340.5
 30
0.0
 11
273.0
 21
340.5
 31
0.0
  0
LINE
  5
19D
330
17
100
AcDbEntity
  8
0
100
AcDbLine
 10
273.0
 20
340.5
 30
0.0
 11
273.5
 21
341.0
 31
0.0
  0
LINE
  5
19E
330
17
100
AcDbEntity
  8
0
100
AcDbLine
 10
273.5
 20
341.0
 30
0.0
 11
274.0
 21
341.0
 31
0.0
  0
LINE
  5
19F
330
17
100
AcDbEntity
  8
0
100
AcDbLine
 10
274.0
 20
341.0
 30
0.0
 11
274.5
 21
341.0
 31
0.0
  0
LINE
  5
1A0
330
17
100
AcDbEntity
  8
0
100
AcDbLine
 10
274.5
 20
341.0
 30
0.0
 11
275.0
 21
341.0
 31
0.0
  0
LINE
  5
1A1
330
17
100
AcDbEntity
  8
0
100
AcDbLine
 10
275.0
 20
341.0
 30
0.0
 11
275.5
 21
341.0
 31
0.0
  0
LINE
  5
1A2
330
17
100
AcDbEntity
  8
0
100
AcDbLine
 10
275.5
 20
341.0
 30
0.0
 11
276.0
 21
341.0
 31
0.0
  0
LINE
  5
1A3
330
17
100
AcDbEntity
  8
0
100
AcDbLine
 10
276.0
 20
341.0
 30
0.0
 11
276.5
 21
341.0
 31
0.0
  0
LINE
  5
1A4
330
17
100
AcDbEntity
  8
0
100
AcDbLine
 10
276.5
 20
341.0
 30
0.0
 11
277.0
 21
341.5
 31
0.0
  0
LINE
  5
1A5
330
17
100
AcDbEntity
  8
0
100
AcDbLine
 10
277.0
 20
341.5
 30
0.0
 11
277.5
 21
341.5
 31
0.0
  0
LINE
  5
1A6
330
17
100
AcDbEntity
  8
0
100
AcDbLine
 10
277.5
 20
341.5
 30
0.0
 11
278.0
 21
341.5
 31
0.0
  0
LINE
  5
1A7
330
17
100
AcDbEntity
  8
0
100
AcDbLine
 10
278.0
 20
341.5
 30
0.0
 11
278.5
 21
341.5
 31
0.0
  0
LINE
  5
1A8
330
17
100
AcDbEntity
  8
0
100
AcDbLine
 10
278.5
 20
341.5
 30
0.0
 11
279.0
 21
341.5
 31
0.0
  0
LINE
  5
1A9
330
17
100
AcDbEntity
  8
0
100
AcDbLine
 10
279.0
 20
341.5
 30
0.0
 11
279.5
 21
341.5
 31
0.0
  0
LINE
  5
1AA
330
17
100
AcDbEntity
  8
0
100
AcDbLine
 10
279.5
 20
341.5
 30
0.0
 11
280.0
 21
341.5
 31
0.0
  0
LINE
  5
1AB
330
17
100
AcDbEntity
  8
0
100
AcDbLine
 10
280.0
 20
341.5
 30
0.0
 11
280.5
 21
342.0
 31
0.0
  0
LINE
  5
1AC
330
17
100
AcDbEntity
  8
0
100
AcDbLine
 10
280.5
 20
342.0
 30
0.0
 11
281.0
 21
342.0
 31
0.0
  0
LINE
  5
1AD
330
17
100
AcDbEntity
  8
0
100
AcDbLine
 10
281.0
 20
342.0
 30
0.0
 11
281.5
 21
342.0
 31
0.0
  0
LINE
  5
1AE
330
17
100
AcDbEntity
  8
0
100
AcDbLine
 10
281.5
 20
342.0
 30
0.0
 11
282.0
 21
342.0
 31
0.0
  0
LINE
  5
1AF
330
17
100
AcDbEntity
  8
0
100
AcDbLine
 10
282.0
 20
342.0
 30
0.0
 11
282.5
 21
342.0
 31
0.0
  0
LINE
  5
1B0
330
17
100
AcDbEntity
  8
0
100
AcDbLine
 10
282.5
 20
342.0
 30
0.0
 11
283.0
 21
342.0
 31
0.0
  0
LINE
  5
1B1
330
17
100
AcDbEntity
  8
0
100
AcDbLine
 10
283.0
 20
342.0
 30
0.0
 11
283.5
 21
342.0
 31
0.0
  0
LINE
  5
1B2
330
17
100
AcDbEntity
  8
0
100
AcDbLine
 10
283.5
 20
342.0
 30
0.0
 11
284.0
 21
342.0
 31
0.0
  0
LINE
  5
1B3
330
17
100
AcDbEntity
  8
0
100
AcDbLine
 10
284.0
 20
342.0
 30
0.0
 11
284.5
 21
342.0
 31
0.0
  0
LINE
  5
1B4
330
17
100
AcDbEntity
  8
0
100
AcDbLine
 10
284.5
 20
342.0
 30
0.0
 11
285.0
 21
342.0
 31
0.0
  0
LINE
  5
1B5
330
17
100
AcDbEntity
  8
0
100
AcDbLine
 10
285.0
 20
342.0
 30
0.0
 11
285.5
 21
342.5
 31
0.0
  0
LINE
  5
1B6
330
17
100
AcDbEntity
  8
0
100
AcDbLine
 10
285.5
 20
342.5
 30
0.0
 11
286.0
 21
342.5
 31
0.0
  0
LINE
  5
1B7
330
17
100
AcDbEntity
  8
0
100
AcDbLine
 10
286.0
 20
342.5
 30
0.0
 11
286.5
 21
342.5
 31
0.0
  0
LINE
  5
1B8
330
17
100
AcDbEntity
  8
0
100
AcDbLine
 10
286.5
 20
342.5
 30
0.0
 11
287.0
 21
342.5
 31
0.0
  0
LINE
  5
1B9
330
17
100
AcDbEntity
  8
0
100
AcDbLine
 10
287.0
 20
342.5
 30
0.0
 11
287.5
 21
342.5
 31
0.0
  0
LINE
  5
1BA
330
17
100
AcDbEntity
  8
0
100
AcDbLine
 10
287.5
 20
342.5
 30
0.0
 11
288.0
 21
342.5
 31
0.0
  0
LINE
  5
1BB
330
17
100
AcDbEntity
  8
0
100
AcDbLine
 10
288.0
 20
342.5
 30
0.0
 11
288.5
 21
342.5
 31
0.0
  0
LINE
  5
1BC
330
17
100
AcDbEntity
  8
0
100
AcDbLine
 10
288.5
 20
342.5
 30
0.0
 11
289.0
 21
342.5
 31
0.0
  0
LINE
  5
1BD
330
17
100
AcDbEntity
  8
0
100
AcDbLine
 10
289.0
 20
342.5
 30
0.0
 11
289.5
 21
342.5
 31
0.0
  0
LINE
  5
1BE
330
17
100
AcDbEntity
  8
0
100
AcDbLine
 10
289.5
 20
342.5
 30
0.0
 11
290.0
 21
342.5
 31
0.0
  0
LINE
  5
1BF
330
17
100
AcDbEntity
  8
0
100
AcDbLine
 10
290.0
 20
342.5
 30
0.0
 11
290.5
 21
342.5
 31
0.0
  0
LINE
  5
1C0
330
17
100
AcDbEntity
  8
0
100
AcDbLine
 10
290.5
 20
342.5
 30
0.0
 11
291.0
 21
343.0
 31
0.0
  0
LINE
  5
1C1
330
17
100
AcDbEntity
  8
0
100
AcDbLine
 10
291.0
 20
343.0
 30
0.0
 11
291.5
 21
343.0
 31
0.0
  0
LINE
  5
1C2
330
17
100
AcDbEntity
  8
0
100
AcDbLine
 10
291.5
 20
343.0
 30
0.0
 11
292.0
 21
343.0
 31
0.0
  0
LINE
  5
1C3
330
17
100
AcDbEntity
  8
0
100
AcDbLine
 10
292.0
 20
343.0
 30
0.0
 11
292.5
 21
343.0
 31
0.0
  0
LINE
  5
1C4
330
17
100
AcDbEntity
  8
0
100
AcDbLine
 10
292.5
 20
343.0
 30
0.0
 11
293.0
 21
343.0
 31
0.0
  0
LINE
  5
1C5
330
17
100
AcDbEntity
  8
0
100
AcDbLine
 10
293.0
 20
343.0
 30
0.0
 11
293.5
 21
343.0
 31
0.0
  0
LINE
  5
1C6
330
17
100
AcDbEntity
  8
0
100
AcDbLine
 10
293.5
 20
343.0
 30
0.0
 11
294.0
 21
343.0
 31
0.0
  0
LINE
  5
1C7
330
17
100
AcDbEntity
  8
0
100
AcDbLine
 10
294.0
 20
343.0
 30
0.0
 11
294.5
 21
343.0
 31
0.0
  0
LINE
  5
1C8
330
17
100
AcDbEntity
  8
0
100
AcDbLine
 10
294.5
 20
343.0
 30
0.0
 11
295.0
 21
343.0
 31
0.0
  0
LINE
  5
1C9
330
17
100
AcDbEntity
  8
0
100
AcDbLine
 10
295.0
 20
343.0
 30
0.0
 11
295.5
 21
343.0
 31
0.0
  0
LINE
  5
1CA
330
17
100
AcDbEntity
  8
0
100
AcDbLine
 10
295.5
 20
343.0
 30
0.0
 11
296.0
 21
343.0
 31
0.0
  0
LINE
  5
1CB
330
17
100
AcDbEntity
  8
0
100
AcDbLine
 10
296.0
 20
343.0
 30
0.0
 11
296.5
 21
343.0
 31
0.0
  0
LINE
  5
1CC
330
17
100
AcDbEntity
  8
0
100
AcDbLine
 10
296.5
 20
343.0
 30
0.0
 11
297.0
 21
343.0
 31
0.0
  0
LINE
  5
1CD
330
17
100
AcDbEntity
  8
0
100
AcDbLine
 10
297.0
 20
343.0
 30
0.0
 11
297.5
 21
343.0
 31
0.0
  0
LINE
  5
1CE
330
17
100
AcDbEntity
  8
0
100
AcDbLine
 10
297.5
 20
343.0
 30
0.0
 11
298.0
 21
343.0
 31
0.0
  0
LINE
  5
1CF
330
17
100
AcDbEntity
  8
0
100
AcDbLine
 10
298.0
 20
343.0
 30
0.0
 11
298.5
 21
343.0
 31
0.0
  0
LINE
  5
1D0
330
17
100
AcDbEntity
  8
0
100
AcDbLine
 10
298.5
 20
343.0
 30
0.0
 11
299.0
 21
343.5
 31
0.0
  0
LINE
  5
1D1
330
17
100
AcDbEntity
  8
0
100
AcDbLine
 10
299.0
 20
343.5
 30
0.0
 11
299.5
 21
343.5
 31
0.0
  0
LINE
  5
1D2
330
17
100
AcDbEntity
  8
0
100
AcDbLine
 10
299.5
 20
343.5
 30
0.0
 11
300.0
 21
343.5
 31
0.0
  0
LINE
  5
1D3
330
17
100
AcDbEntity
  8
0
100
AcDbLine
 10
300.0
 20
343.5
 30
0.0
 11
300.5
 21
343.5
 31
0.0
  0
LINE
  5
1D4
330
17
100
AcDbEntity
  8
0
100
AcDbLine
 10
300.5
 20
343.5
 30
0.0
 11
301.0
 21
343.5
 31
0.0
  0
LINE
  5
1D5
330
17
100
AcDbEntity
  8
0
100
AcDbLine
 10
301.0
 20
343.5
 30
0.0
 11
301.5
 21
343.5
 31
0.0
  0
LINE
  5
1D6
330
17
100
AcDbEntity
  8
0
100
AcDbLine
 10
301.5
 20
343.5
 30
0.0
 11
302.0
 21
343.5
 31
0.0
  0
LINE
  5
1D7
330
17
100
AcDbEntity
  8
0
100
AcDbLine
 10
302.0
 20
343.5
 30
0.0
 11
302.5
 21
343.5
 31
0.0
  0
LINE
  5
1D8
330
17
100
AcDbEntity
  8
0
100
AcDbLine
 10
302.5
 20
343.5
 30
0.0
 11
303.0
 21
343.5
 31
0.0
  0
LINE
  5
1D9
330
17
100
AcDbEntity
  8
0
100
AcDbLine
 10
303.0
 20
343.5
 30
0.0
 11
303.5
 21
343.5
 31
0.0
  0
LINE
  5
1DA
330
17
100
AcDbEntity
  8
0
100
AcDbLine
 10
303.5
 20
343.5
 30
0.0
 11
304.0
 21
343.5
 31
0.0
  0
LINE
  5
1DB
330
17
100
AcDbEntity
  8
0
100
AcDbLine
 10
304.0
 20
343.5
 30
0.0
 11
304.5
 21
343.5
 31
0.0
  0
LINE
  5
1DC
330
17
100
AcDbEntity
  8
0
100
AcDbLine
 10
304.5
 20
343.5
 30
0.0
 11
305.0
 21
343.5
 31
0.0
  0
LINE
  5
1DD
330
17
100
AcDbEntity
  8
0
100
AcDbLine
 10
305.0
 20
343.5
 30
0.0
 11
305.5
 21
343.5
 31
0.0
  0
LINE
  5
1DE
330
17
100
AcDbEntity
  8
0
100
AcDbLine
 10
305.5
 20
343.5
 30
0.0
 11
306.0
 21
343.5
 31
0.0
  0
LINE
  5
1DF
330
17
100
AcDbEntity
  8
0
100
AcDbLine
 10
306.0
 20
343.5
 30
0.0
 11
306.5
 21
343.5
 31
0.0
  0
LINE
  5
1E0
330
17
100
AcDbEntity
  8
0
100
AcDbLine
 10
306.5
 20
343.5
 30
0.0
 11
307.0
 21
343.5
 31
0.0
  0
LINE
  5
1E1
330
17
100
AcDbEntity
  8
0
100
AcDbLine
 10
307.0
 20
343.5
 30
0.0
 11
307.5
 21
343.5
 31
0.0
  0
LINE
  5
1E2
330
17
100
AcDbEntity
  8
0
100
AcDbLine
 10
307.5
 20
343.5
 30
0.0
 11
308.0
 21
343.5
 31
0.0
  0
LINE
  5
1E3
330
17
100
AcDbEntity
  8
0
100
AcDbLine
 10
308.0
 20
343.5
 30
0.0
 11
308.5
 21
343.5
 31
0.0
  0
LINE
  5
1E4
330
17
100
AcDbEntity
  8
0
100
AcDbLine
 10
308.5
 20
343.5
 30
0.0
 11
309.0
 21
343.5
 31
0.0
  0
LINE
  5
1E5
330
17
100
AcDbEntity
  8
0
100
AcDbLine
 10
309.0
 20
343.5
 30
0.0
 11
309.5
 21
343.5
 31
0.0
  0
LINE
  5
1E6
330
17
100
AcDbEntity
  8
0
100
AcDbLine
 10
309.5
 20
343.5
 30
0.0
 11
310.0
 21
343.5
 31
0.0
  0
LINE
  5
1E7
330
17
100
AcDbEntity
  8
0
100
AcDbLine
 10
310.0
 20
343.5
 30
0.0
 11
310.5
 21
343.5
 31
0.0
  0
LINE
  5
1E8
330
17
100
AcDbEntity
  8
0
100
AcDbLine
 10
310.5
 20
343.5
 30
0.0
 11
311.0
 21
343.5
 31
0.0
  0
LINE
  5
1E9
330
17
100
AcDbEntity
  8
0
100
AcDbLine
 10
311.0
 20
343.5
 30
0.0
 11
311.5
 21
343.5
 31
0.0
  0
LINE
  5
1EA
330
17
100
AcDbEntity
  8
0
100
AcDbLine
 10
311.5
 20
343.5
 30
0.0
 11
312.0
 21
343.5
 31
0.0
  0
LINE
  5
1EB
330
17
100
AcDbEntity
  8
0
100
AcDbLine
 10
312.0
 20
343.5
 30
0.0
 11
312.5
 21
343.5
 31
0.0
  0
LINE
  5
1EC
330
17
100
AcDbEntity
  8
0
100
AcDbLine
 10
312.5
 20
343.5
 30
0.0
 11
313.0
 21
343.5
 31
0.0
  0
LINE
  5
1ED
330
17
100
AcDbEntity
  8
0
100
AcDbLine
 10
313.0
 20
343.5
 30
0.0
 11
313.5
 21
343.5
 31
0.0
  0
LINE
  5
1EE
330
17
100
AcDbEntity
  8
0
100
AcDbLine
 10
313.5
 20
343.5
 30
0.0
 11
314.0
 21
343.5
 31
0.0
  0
LINE
  5
1EF
330
17
100
AcDbEntity
  8
0
100
AcDbLine
 10
314.0
 20
343.5
 30
0.0
 11
314.5
 21
343.5
 31
0.0
  0
LINE
  5
1F0
330
17
100
AcDbEntity
  8
0
100
AcDbLine
 10
314.5
 20
343.5
 30
0.0
 11
315.0
 21
343.5
 31
0.0
  0
LINE
  5
1F1
330
17
100
AcDbEntity
  8
0
100
AcDbLine
 10
315.0
 20
343.5
 30
0.0
 11
315.5
 21
343.5
 31
0.0
  0
LINE
  5
1F2
330
17
100
AcDbEntity
  8
0
100
AcDbLine
 10
315.5
 20
343.5
 30
0.0
 11
316.0
 21
343.5
 31
0.0
  0
LINE
  5
1F3
330
17
100
AcDbEntity
  8
0
100
AcDbLine
 10
316.0
 20
343.5
 30
0.0
 11
316.5
 21
343.5
 31
0.0
  0
LINE
  5
1F4
330
17
100
AcDbEntity
  8
0
100
AcDbLine
 10
316.5
 20
343.5
 30
0.0
 11
317.0
 21
343.5
 31
0.0
  0
LINE
  5
1F5
330
17
100
AcDbEntity
  8
0
100
AcDbLine
 10
317.0
 20
343.5
 30
0.0
 11
317.5
 21
343.5
 31
0.0
  0
LINE
  5
1F6
330
17
100
AcDbEntity
  8
0
100
AcDbLine
 10
317.5
 20
343.5
 30
0.0
 11
318.0
 21
343.5
 31
0.0
  0
LINE
  5
1F7
330
17
100
AcDbEntity
  8
0
100
AcDbLine
 10
318.0
 20
343.5
 30
0.0
 11
318.5
 21
343.5
 31
0.0
  0
LINE
  5
1F8
330
17
100
AcDbEntity
  8
0
100
AcDbLine
 10
318.5
 20
343.5
 30
0.0
 11
319.0
 21
343.5
 31
0.0
  0
LINE
  5
1F9
330
17
100
AcDbEntity
  8
0
100
AcDbLine
 10
319.0
 20
343.5
 30
0.0
 11
319.5
 21
343.5
 31
0.0
  0
LINE
  5
1FA
330
17
100
AcDbEntity
  8
0
100
AcDbLine
 10
319.5
 20
343.5
 30
0.0
 11
320.0
 21
343.5
 31
0.0
  0
LINE
  5
1FB
330
17
100
AcDbEntity
  8
0
100
AcDbLine
 10
320.0
 20
343.5
 30
0.0
 11
320.5
 21
343.5
 31
0.0
  0
LINE
  5
1FC
330
17
100
AcDbEntity
  8
0
100
AcDbLine
 10
320.5
 20
343.5
 30
0.0
 11
321.0
 21
343.5
 31
0.0
  0
LINE
  5
1FD
330
17
100
AcDbEntity
  8
0
100
AcDbLine
 10
321.0
 20
343.5
 30
0.0
 11
321.5
 21
343.0
 31
0.0
  0
LINE
  5
1FE
330
17
100
AcDbEntity
  8
0
100
AcDbLine
 10
321.5
 20
343.0
 30
0.0
 11
322.0
 21
343.0
 31
0.0
  0
LINE
  5
1FF
330
17
100
AcDbEntity
  8
0
100
AcDbLine
 10
322.0
 20
343.0
 30
0.0
 11
322.5
 21
343.0
 31
0.0
  0
LINE
  5
200
330
17
100
AcDbEntity
  8
0
100
AcDbLine
 10
322.5
 20
343.0
 30
0.0
 11
323.0
 21
343.0
 31
0.0
  0
LINE
  5
201
330
17
100
AcDbEntity
  8
0
100
AcDbLine
 10
323.0
 20
343.0
 30
0.0
 11
323.5
 21
343.0
 31
0.0
  0
LINE
  5
202
330
17
100
AcDbEntity
  8
0
100
AcDbLine
 10
323.5
 20
343.0
 30
0.0
 11
324.0
 21
343.0
 31
0.0
  0
LINE
  5
203
330
17
100
AcDbEntity
  8
0
100
AcDbLine
 10
324.0
 20
343.0
 30
0.0
 11
324.5
 21
343.0
 31
0.0
  0
LINE
  5
204
330
17
100
AcDbEntity
  8
0
100
AcDbLine
 10
324.5
 20
343.0
 30
0.0
 11
325.0
 21
343.0
 31
0.0
  0
LINE
  5
205
330
17
100
AcDbEntity
  8
0
100
AcDbLine
 10
325.0
 20
343.0
 30
0.0
 11
325.5
 21
343.0
 31
0.0
  0
LINE
  5
206
330
17
100
AcDbEntity
  8
0
100
AcDbLine
 10
325.5
 20
343.0
 30
0.0
 11
326.0
 21
343.0
 31
0.0
  0
LINE
  5
207
330
17
100
AcDbEntity
  8
0
100
AcDbLine
 10
326.0
 20
343.0
 30
0.0
 11
326.5
 21
343.0
 31
0.0
  0
LINE
  5
208
330
17
100
AcDbEntity
  8
0
100
AcDbLine
 10
326.5
 20
343.0
 30
0.0
 11
327.0
 21
343.0
 31
0.0
  0
LINE
  5
209
330
17
100
AcDbEntity
  8
0
100
AcDbLine
 10
327.0
 20
343.0
 30
0.0
 11
327.5
 21
343.0
 31
0.0
  0
LINE
  5
20A
330
17
100
AcDbEntity
  8
0
100
AcDbLine
 10
327.5
 20
343.0
 30
0.0
 11
328.0
 21
343.0
 31
0.0
  0
LINE
  5
20B
330
17
100
AcDbEntity
  8
0
100
AcDbLine
 10
328.0
 20
343.0
 30
0.0
 11
328.5
 21
343.0
 31
0.0
  0
LINE
  5
20C
330
17
100
AcDbEntity
  8
0
100
AcDbLine
 10
328.5
 20
343.0
 30
0.0
 11
329.0
 21
343.0
 31
0.0
  0
LINE
  5
20D
330
17
100
AcDbEntity
  8
0
100
AcDbLine
 10
329.0
 20
343.0
 30
0.0
 11
329.5
 21
342.5
 31
0.0
  0
LINE
  5
20E
330
17
100
AcDbEntity
  8
0
100
AcDbLine
 10
329.5
 20
342.5
 30
0.0
 11
330.0
 21
342.5
 31
0.0
  0
LINE
  5
20F
330
17
100
AcDbEntity
  8
0
100
AcDbLine
 10
330.0
 20
342.5
 30
0.0
 11
330.5
 21
342.5
 31
0.0
  0
LINE
  5
210
330
17
100
AcDbEntity
  8
0
100
AcDbLine
 10
330.5
 20
342.5
 30
0.0
 11
331.0
 21
342.5
 31
0.0
  0
LINE
  5
211
330
17
100
AcDbEntity
  8
0
100
AcDbLine
 10
331.0
 20
342.5
 30
0.0
 11
331.5
 21
342.5
 31
0.0
  0
LINE
  5
212
330
17
100
AcDbEntity
  8
0
100
AcDbLine
 10
331.5
 20
342.5
 30
0.0
 11
332.0
 21
342.5
 31
0.0
  0
LINE
  5
213
330
17
100
AcDbEntity
  8
0
100
AcDbLine
 10
332.0
 20
342.5
 30
0.0
 11
332.5
 21
342.5
 31
0.0
  0
LINE
  5
214
330
17
100
AcDbEntity
  8
0
100
AcDbLine
 10
332.5
 20
342.5
 30
0.0
 11
333.0
 21
342.5
 31
0.0
  0
LINE
  5
215
330
17
100
AcDbEntity
  8
0
100
AcDbLine
 10
333.0
 20
342.5
 30
0.0
 11
333.5
 21
342.5
 31
0.0
  0
LINE
  5
216
330
17
100
AcDbEntity
  8
0
100
AcDbLine
 10
333.5
 20
342.5
 30
0.0
 11
334.0
 21
342.5
 31
0.0
  0
LINE
  5
217
330
17
100
AcDbEntity
  8
0
100
AcDbLine
 10
334.0
 20
342.5
 30
0.0
 11
334.5
 21
342.5
 31
0.0
  0
LINE
  5
218
330
17
100
AcDbEntity
  8
0
100
AcDbLine
 10
334.5
 20
342.5
 30
0.0
 11
335.0
 21
342.0
 31
0.0
  0
LINE
  5
219
330
17
100
AcDbEntity
  8
0
100
AcDbLine
 10
335.0
 20
342.0
 30
0.0
 11
335.5
 21
342.0
 31
0.0
  0
LINE
  5
21A
330
17
100
AcDbEntity
  8
0
100
AcDbLine
 10
335.5
 20
342.0
 30
0.0
 11
336.0
 21
342.0
 31
0.0
  0
LINE
  5
21B
330
17
100
AcDbEntity
  8
0
100
AcDbLine
 10
336.0
 20
342.0
 30
0.0
 11
336.5
 21
342.0
 31
0.0
  0
LINE
  5
21C
330
17
100
AcDbEntity
  8
0
100
AcDbLine
 10
336.5
 20
342.0
 30
0.0
 11
337.0
 21
342.0
 31
0.0
  0
LINE
  5
21D
330
17
100
AcDbEntity
  8
0
100
AcDbLine
 10
337.0
 20
342.0
 30
0.0
 11
337.5
 21
342.0
 31
0.0
  0
LINE
  5
21E
330
17
100
AcDbEntity
  8
0
100
AcDbLine
 10
337.5
 20
342.0
 30
0.0
 11
338.0
 21
342.0
 31
0.0
  0
LINE
  5
21F
330
17
100
AcDbEntity
  8
0
100
AcDbLine
 10
338.0
 20
342.0
 30
0.0
 11
338.5
 21
342.0
 31
0.0
  0
LINE
  5
220
330
17
100
AcDbEntity
  8
0
100
AcDbLine
 10
338.5
 20
342.0
 30
0.0
 11
339.0
 21
342.0
 31
0.0
  0
LINE
  5
221
330
17
100
AcDbEntity
  8
0
100
AcDbLine
 10
339.0
 20
342.0
 30
0.0
 11
339.5
 21
342.0
 31
0.0
  0
LINE
  5
222
330
17
100
AcDbEntity
  8
0
100
AcDbLine
 10
339.5
 20
342.0
 30
0.0
 11
340.0
 21
341.5
 31
0.0
  0
LINE
  5
223
330
17
100
AcDbEntity
  8
0
100
AcDbLine
 10
340.0
 20
341.5
 30
0.0
 11
340.5
 21
341.5
 31
0.0
  0
LINE
  5
224
330
17
100
AcDbEntity
  8
0
100
AcDbLine
 10
340.5
 20
341.5
 30
0.0
 11
341.0
 21
341.5
 31
0.0
  0
LINE
  5
225
330
17
100
AcDbEntity
  8
0
100
AcDbLine
 10
341.0
 20
341.5
 30
0.0
 11
341.5
 21
341.5
 31
0.0
  0
LINE
  5
226
330
17
100
AcDbEntity
  8
0
100
AcDbLine
 10
341.5
 20
341.5
 30
0.0
 11
342.0
 21
341.5
 31
0.0
  0
LINE
  5
227
330
17
100
AcDbEntity
  8
0
100
AcDbLine
 10
342.0
 20
341.5
 30
0.0
 11
342.5
 21
341.5
 31
0.0
  0
LINE
  5
228
330
17
100
AcDbEntity
  8
0
100
AcDbLine
 10
342.5
 20
341.5
 30
0.0
 11
343.0
 21
341.5
 31
0.0
  0
LINE
  5
229
330
17
100
AcDbEntity
  8
0
100
AcDbLine
 10
343.0
 20
341.5
 30
0.0
 11
343.5
 21
341.0
 31
0.0
  0
LINE
  5
22A
330
17
100
AcDbEntity
  8
0
100
AcDbLine
 10
343.5
 20
341.0
 30
0.0
 11
344.0
 21
341.0
 31
0.0
  0
LINE
  5
22B
330
17
100
AcDbEntity
  8
0
100
AcDbLine
 10
344.0
 20
341.0
 30
0.0
 11
344.5
 21
341.0
 31
0.0
  0
LINE
  5
22C
330
17
100
AcDbEntity
  8
0
100
AcDbLine
 10
344.5
 20
341.0
 30
0.0
 11
345.0
 21
341.0
 31
0.0
  0
LINE
  5
22D
330
17
100
AcDbEntity
  8
0
100
AcDbLine
 10
345.0
 20
341.0
 30
0.0
 11
345.5
 21
341.0
 31
0.0
  0
LINE
  5
22E
330
17
100
AcDbEntity
  8
0
100
AcDbLine
 10
345.5
 20
341.0
 30
0.0
 11
346.0
 21
341.0
 31
0.0
  0
LINE
  5
22F
330
17
100
AcDbEntity
  8
0
100
AcDbLine
 10
346.0
 20
341.0
 30
0.0
 11
346.5
 21
341.0
 31
0.0
  0
LINE
  5
230
330
17
100
AcDbEntity
  8
0
100
AcDbLine
 10
346.5
 20
341.0
 30
0.0
 11
347.0
 21
340.5
 31
0.0
  0
LINE
  5
231
330
17
100
AcDbEntity
  8
0
100
AcDbLine
 10
347.0
 20
340.5
 30
0.0
 11
347.5
 21
340.5
 31
0.0
  0
LINE
  5
232
330
17
100
AcDbEntity
  8
0
100
AcDbLine
 10
347.5
 20
340.5
 30
0.0
 11
348.0
 21
340.5
 31
0.0
  0
LINE
  5
233
330
17
100
AcDbEntity
  8
0
100
AcDbLine
 10
348.0
 20
340.5
 30
0.0
 11
348.5
 21
340.5
 31
0.0
  0
LINE
  5
234
330
17
100
AcDbEntity
  8
0
100
AcDbLine
 10
348.5
 20
340.5
 30
0.0
 11
349.0
 21
340.5
 31
0.0
  0
LINE
  5
235
330
17
100
AcDbEntity
  8
0
100
AcDbLine
 10
349.0
 20
340.5
 30
0.0
 11
349.5
 21
340.5
 31
0.0
  0
LINE
  5
236
330
17
100
AcDbEntity
  8
0
100
AcDbLine
 10
349.5
 20
340.5
 30
0.0
 11
350.0
 21
340.5
 31
0.0
  0
LINE
  5
237
330
17
100
AcDbEntity
  8
0
100
AcDbLine
 10
350.0
 20
340.5
 30
0.0
 11
350.5
 21
340.0
 31
0.0
  0
LINE
  5
238
330
17
100
AcDbEntity
  8
0
100
AcDbLine
 10
350.5
 20
340.0
 30
0.0
 11
351.0
 21
340.0
 31
0.0
  0
LINE
  5
239
330
17
100
AcDbEntity
  8
0
100
AcDbLine
 10
351.0
 20
340.0
 30
0.0
 11
351.5
 21
340.0
 31
0.0
  0
LINE
  5
23A
330
17
100
AcDbEntity
  8
0
100
AcDbLine
 10
351.5
 20
340.0
 30
0.0
 11
352.0
 21
340.0
 31
0.0
  0
LINE
  5
23B
330
17
100
AcDbEntity
  8
0
100
AcDbLine
 10
352.0
 20
340.0
 30
0.0
 11
352.5
 21
340.0
 31
0.0
  0
LINE
  5
23C
330
17
100
AcDbEntity
  8
0
100
AcDbLine
 10
352.5
 20
340.0
 30
0.0
 11
353.0
 21
340.0
 31
0.0
  0
LINE
  5
23D
330
17
100
AcDbEntity
  8
0
100
AcDbLine
 10
353.0
 20
340.0
 30
0.0
 11
353.5
 21
339.5
 31
0.0
  0
LINE
  5
23E
330
17
100
AcDbEntity
  8
0
100
AcDbLine
 10
353.5
 20
339.5
 30
0.0
 11
354.0
 21
339.5
 31
0.0
  0
LINE
  5
23F
330
17
100
AcDbEntity
  8
0
100
AcDbLine
 10
354.0
 20
339.5
 30
0.0
 11
354.5
 21
339.5
 31
0.0
  0
LINE
  5
240
330
17
100
AcDbEntity
  8
0
100
AcDbLine
 10
354.5
 20
339.5
 30
0.0
 11
355.0
 21
339.5
 31
0.0
  0
LINE
  5
241
330
17
100
AcDbEntity
  8
0
100
AcDbLine
 10
355.0
 20
339.5
 30
0.0
 11
355.5
 21
339.5
 31
0.0
  0
LINE
  5
242
330
17
100
AcDbEntity
  8
0
100
AcDbLine
 10
355.5
 20
339.5
 30
0.0
 11
356.0
 21
339.0
 31
0.0
  0
LINE
  5
243
330
17
100
AcDbEntity
  8
0
100
AcDbLine
 10
356.0
 20
339.0
 30
0.0
 11
356.5
 21
339.0
 31
0.0
  0
LINE
  5
244
330
17
100
AcDbEntity
  8
0
100
AcDbLine
 10
356.5
 20
339.0
 30
0.0
 11
357.0
 21
339.0
 31
0.0
  0
LINE
  5
245
330
17
100
AcDbEntity
  8
0
100
AcDbLine
 10
357.0
 20
339.0
 30
0.0
 11
357.5
 21
339.0
 31
0.0
  0
LINE
  5
246
330
17
100
AcDbEntity
  8
0
100
AcDbLine
 10
357.5
 20
339.0
 30
0.0
 11
358.0
 21
339.0
 31
0.0
  0
LINE
  5
247
330
17
100
AcDbEntity
  8
0
100
AcDbLine
 10
358.0
 20
339.0
 30
0.0
 11
358.5
 21
339.0
 31
0.0
  0
LINE
  5
248
330
17
100
AcDbEntity
  8
0
100
AcDbLine
 10
358.5
 20
339.0
 30
0.0
 11
359.0
 21
338.5
 31
0.0
  0
LINE
  5
249
330
17
100
AcDbEntity
  8
0
100
AcDbLine
 10
359.0
 20
338.5
 30
0.0
 11
359.5
 21
338.5
 31
0.0
  0
LINE
  5
24A
330
17
100
AcDbEntity
  8
0
100
AcDbLine
 10
359.5
 20
338.5
 30
0.0
 11
360.0
 21
338.5
 31
0.0
  0
LINE
  5
24B
330
17
100
AcDbEntity
  8
0
100
AcDbLine
 10
360.0
 20
338.5
 30
0.0
 11
360.5
 21
338.5
 31
0.0
  0
LINE
  5
24C
330
17
100
AcDbEntity
  8
0
100
AcDbLine
 10
360.5
 20
338.5
 30
0.0
 11
361.0
 21
338.0
 31
0.0
  0
LINE
  5
24D
330
17
100
AcDbEntity
  8
0
100
AcDbLine
 10
361.0
 20
338.0
 30
0.0
 11
361.5
 21
338.0
 31
0.0
  0
LINE
  5
24E
330
17
100
AcDbEntity
  8
0
100
AcDbLine
 10
361.5
 20
338.0
 30
0.0
 11
362.0
 21
338.0
 31
0.0
  0
LINE
  5
24F
330
17
100
AcDbEntity
  8
0
100
AcDbLine
 10
362.0
 20
338.0
 30
0.0
 11
362.5
 21
338.0
 31
0.0
  0
LINE
  5
250
330
17
100
AcDbEntity
  8
0
100
AcDbLine
 10
362.5
 20
338.0
 30
0.0
 11
363.0
 21
338.0
 31
0.0
  0
LINE
  5
251
330
17
100
AcDbEntity
  8
0
100
AcDbLine
 10
363.0
 20
338.0
 30
0.0
 11
363.5
 21
337.5
 31
0.0
  0
LINE
  5
252
330
17
100
AcDbEntity
  8
0
100
AcDbLine
 10
363.5
 20
337.5
 30
0.0
 11
364.0
 21
337.5
 31
0.0
  0
LINE
  5
253
330
17
100
AcDbEntity
  8
0
100
AcDbLine
 10
364.0
 20
337.5
 30
0.0
 11
364.5
 21
337.5
 31
0.0
  0
LINE
  5
254
330
17
100
AcDbEntity
  8
0
100
AcDbLine
 10
364.5
 20
337.5
 30
0.0
 11
365.0
 21
337.5
 31
0.0
  0
LINE
  5
255
330
17
100
AcDbEntity
  8
0
100
AcDbLine
 10
365.0
 20
337.5
 30
0.0
 11
365.5
 21
337.5
 31
0.0
  0
LINE
  5
256
330
17
100
AcDbEntity
  8
0
100
AcDbLine
 10
365.5
 20
337.5
 30
0.0
 11
366.0
 21
337.0
 31
0.0
  0
LINE
  5
257
330
17
100
AcDbEntity
  8
0
100
AcDbLine
 10
366.0
 20
337.0
 30
0.0
 11
366.5
 21
337.0
 31
0.0
  0
LINE
  5
258
330
17
100
AcDbEntity
  8
0
100
AcDbLine
 10
366.5
 20
337.0
 30
0.0
 11
367.0
 21
337.0
 31
0.0
  0
LINE
  5
259
330
17
100
AcDbEntity
  8
0
100
AcDbLine
 10
367.0
 20
337.0
 30
0.0
 11
367.5
 21
337.0
 31
0.0
  0
LINE
  5
25A
330
17
100
AcDbEntity
  8
0
100
AcDbLine
 10
367.5
 20
337.0
 30
0.0
 11
368.0
 21
336.5
 31
0.0
  0
LINE
  5
25B
330
17
100
AcDbEntity
  8
0
100
AcDbLine
 10
368.0
 20
336.5
 30
0.0
 11
368.5
 21
336.5
 31
0.0
  0
LINE
  5
25C
330
17
100
AcDbEntity
  8
0
100
AcDbLine
 10
368.5
 20
336.5
 30
0.0
 11
369.0
 21
336.5
 31
0.0
  0
LINE
  5
25D
330
17
100
AcDbEntity
  8
0
100
AcDbLine
 10
369.0
 20
336.5
 30
0.0
 11
369.5
 21
336.5
 31
0.0
  0
LINE
  5
25E
330
17
100
AcDbEntity
  8
0
100
AcDbLine
 10
369.5
 20
336.5
 30
0.0
 11
370.0
 21
336.0
 31
0.0
  0
LINE
  5
25F
330
17
100
AcDbEntity
  8
0
100
AcDbLine
 10
370.0
 20
336.0
 30
0.0
 11
370.5
 21
336.0
 31
0.0
  0
LINE
  5
260
330
17
100
AcDbEntity
  8
0
100
AcDbLine
 10
370.5
 20
336.0
 30
0.0
 11
371.0
 21
336.0
 31
0.0
  0
LINE
  5
261
330
17
100
AcDbEntity
  8
0
100
AcDbLine
 10
371.0
 20
336.0
 30
0.0
 11
371.5
 21
336.0
 31
0.0
  0
LINE
  5
262
330
17
100
AcDbEntity
  8
0
100
AcDbLine
 10
371.5
 20
336.0
 30
0.0
 11
372.0
 21
335.5
 31
0.0
  0
LINE
  5
263
330
17
100
AcDbEntity
  8
0
100
AcDbLine
 10
372.0
 20
335.5
 30
0.0
 11
372.5
 21
335.5
 31
0.0
  0
LINE
  5
264
330
17
100
AcDbEntity
  8
0
100
AcDbLine
 10
372.5
 20
335.5
 30
0.0
 11
373.0
 21
335.5
 31
0.0
  0
LINE
  5
265
330
17
100
AcDbEntity
  8
0
100
AcDbLine
 10
373.0
 20
335.5
 30
0.0
 11
373.5
 21
335.5
 31
0.0
  0
LINE
  5
266
330
17
100
AcDbEntity
  8
0
100
AcDbLine
 10
373.5
 20
335.5
 30
0.0
 11
374.0
 21
335.0
 31
0.0
  0
LINE
  5
267
330
17
100
AcDbEntity
  8
0
100
AcDbLine
 10
374.0
 20
335.0
 30
0.0
 11
374.5
 21
335.0
 31
0.0
  0
LINE
  5
268
330
17
100
AcDbEntity
  8
0
100
AcDbLine
 10
374.5
 20
335.0
 30
0.0
 11
375.0
 21
335.0
 31
0.0
  0
LINE
  5
269
330
17
100
AcDbEntity
  8
0
100
AcDbLine
 10
375.0
 20
335.0
 30
0.0
 11
375.5
 21
335.0
 31
0.0
  0
LINE
  5
26A
330
17
100
AcDbEntity
  8
0
100
AcDbLine
 10
375.5
 20
335.0
 30
0.0
 11
376.0
 21
334.5
 31
0.0
  0
LINE
  5
26B
330
17
100
AcDbEntity
  8
0
100
AcDbLine
 10
376.0
 20
334.5
 30
0.0
 11
376.5
 21
334.5
 31
0.0
  0
LINE
  5
26C
330
17
100
AcDbEntity
  8
0
100
AcDbLine
 10
376.5
 20
334.5
 30
0.0
 11
377.0
 21
334.5
 31
0.0
  0
LINE
  5
26D
330
17
100
AcDbEntity
  8
0
100
AcDbLine
 10
377.0
 20
334.5
 30
0.0
 11
377.5
 21
334.0
 31
0.0
  0
LINE
  5
26E
330
17
100
AcDbEntity
  8
0
100
AcDbLine
 10
377.5
 20
334.0
 30
0.0
 11
378.0
 21
334.0
 31
0.0
  0
LINE
  5
26F
330
17
100
AcDbEntity
  8
0
100
AcDbLine
 10
378.0
 20
334.0
 30
0.0
 11
378.5
 21
334.0
 31
0.0
  0
LINE
  5
270
330
17
100
AcDbEntity
  8
0
100
AcDbLine
 10
378.5
 20
334.0
 30
0.0
 11
379.0
 21
334.0
 31
0.0
  0
LINE
  5
271
330
17
100
AcDbEntity
  8
0
100
AcDbLine
 10
379.0
 20
334.0
 30
0.0
 11
379.5
 21
333.5
 31
0.0
  0
LINE
  5
272
330
17
100
AcDbEntity
  8
0
100
AcDbLine
 10
379.5
 20
333.5
 30
0.0
 11
380.0
 21
333.5
 31
0.0
  0
LINE
  5
273
330
17
100
AcDbEntity
  8
0
100
AcDbLine
 10
380.0
 20
333.5
 30
0.0
 11
380.5
 21
333.5
 31
0.0
  0
LINE
  5
274
330
17
100
AcDbEntity
  8
0
100
AcDbLine
 10
380.5
 20
333.5
 30
0.0
 11
381.0
 21
333.0
 31
0.0
  0
LINE
  5
275
330
17
100
AcDbEntity
  8
0
100
AcDbLine
 10
381.0
 20
333.0
 30
0.0
 11
381.5
 21
333.0
 31
0.0
  0
LINE
  5
276
330
17
100
AcDbEntity
  8
0
100
AcDbLine
 10
381.5
 20
333.0
 30
0.0
 11
382.0
 21
333.0
 31
0.0
  0
LINE
  5
277
330
17
100
AcDbEntity
  8
0
100
AcDbLine
 10
382.0
 20
333.0
 30
0.0
 11
382.5
 21
333.0
 31
0.0
  0
LINE
  5
278
330
17
100
AcDbEntity
  8
0
100
AcDbLine
 10
382.5
 20
333.0
 30
0.0
 11
383.0
 21
332.5
 31
0.0
  0
LINE
  5
279
330
17
100
AcDbEntity
  8
0
100
AcDbLine
 10
383.0
 20
332.5
 30
0.0
 11
383.5
 21
332.5
 31
0.0
  0
LINE
  5
27A
330
17
100
AcDbEntity
  8
0
100
AcDbLine
 10
383.5
 20
332.5
 30
0.0
 11
384.0
 21
332.5
 31
0.0
  0
LINE
  5
27B
330
17
100
AcDbEntity
  8
0
100
AcDbLine
 10
384.0
 20
332.5
 30
0.0
 11
384.5
 21
332.0
 31
0.0
  0
LINE
  5
27C
330
17
100
AcDbEntity
  8
0
100
AcDbLine
 10
384.5
 20
332.0
 30
0.0
 11
385.0
 21
332.0
 31
0.0
  0
LINE
  5
27D
330
17
100
AcDbEntity
  8
0
100
AcDbLine
 10
385.0
 20
332.0
 30
0.0
 11
385.5
 21
332.0
 31
0.0
  0
LINE
  5
27E
330
17
100
AcDbEntity
  8
0
100
AcDbLine
 10
385.5
 20
332.0
 30
0.0
 11
386.0
 21
331.5
 31
0.0
  0
LINE
  5
27F
330
17
100
AcDbEntity
  8
0
100
AcDbLine
 10
386.0
 20
331.5
 30
0.0
 11
386.5
 21
331.5
 31
0.0
  0
LINE
  5
280
330
17
100
AcDbEntity
  8
0
100
AcDbLine
 10
386.5
 20
331.5
 30
0.0
 11
387.0
 21
331.5
 31
0.0
  0
LINE
  5
281
330
17
100
AcDbEntity
  8
0
100
AcDbLine
 10
387.0
 20
331.5
 30
0.0
 11
387.5
 21
331.0
 31
0.0
  0
LINE
  5
282
330
17
100
AcDbEntity
  8
0
100
AcDbLine
 10
387.5
 20
331.0
 30
0.0
 11
388.0
 21
331.0
 31
0.0
  0
LINE
  5
283
330
17
100
AcDbEntity
  8
0
100
AcDbLine
 10
388.0
 20
331.0
 30
0.0
 11
388.5
 21
331.0
 31
0.0
  0
LINE
  5
284
330
17
100
AcDbEntity
  8
0
100
AcDbLine
 10
388.5
 20
331.0
 30
0.0
 11
389.0
 21
330.5
 31
0.0
  0
LINE
  5
285
330
17
100
AcDbEntity
  8
0
100
AcDbLine
 10
389.0
 20
330.5
 30
0.0
 11
389.5
 21
330.5
 31
0.0
  0
LINE
  5
286
330
17
100
AcDbEntity
  8
0
100
AcDbLine
 10
389.5
 20
330.5
 30
0.0
 11
390.0
 21
330.5
 31
0.0
  0
LINE
  5
287
330
17
100
AcDbEntity
  8
0
100
AcDbLine
 10
390.0
 20
330.5
 30
0.0
 11
390.5
 21
330.0
 31
0.0
  0
LINE
  5
288
330
17
100
AcDbEntity
  8
0
100
AcDbLine
 10
390.5
 20
330.0
 30
0.0
 11
391.0
 21
330.0
 31
0.0
  0
LINE
  5
289
330
17
100
AcDbEntity
  8
0
100
AcDbLine
 10
391.0
 20
330.0
 30
0.0
 11
391.5
 21
330.0
 31
0.0
  0
LINE
  5
28A
330
17
100
AcDbEntity
  8
0
100
AcDbLine
 10
391.5
 20
330.0
 30
0.0
 11
392.0
 21
329.5
 31
0.0
  0
LINE
  5
28B
330
17
100
AcDbEntity
  8
0
100
AcDbLine
 10
392.0
 20
329.5
 30
0.0
 11
392.5
 21
329.5
 31
0.0
  0
LINE
  5
28C
330
17
100
AcDbEntity
  8
0
100
AcDbLine
 10
392.5
 20
329.5
 30
0.0
 11
393.0
 21
329.5
 31
0.0
  0
LINE
  5
28D
330
17
100
AcDbEntity
  8
0
100
AcDbLine
 10
393.0
 20
329.5
 30
0.0
 11
393.5
 21
329.0
 31
0.0
  0
LINE
  5
28E
330
17
100
AcDbEntity
  8
0
100
AcDbLine
 10
393.5
 20
329.0
 30
0.0
 11
394.0
 21
329.0
 31
0.0
  0
LINE
  5
28F
330
17
100
AcDbEntity
  8
0
100
AcDbLine
 10
394.0
 20
329.0
 30
0.0
 11
394.5
 21
329.0
 31
0.0
  0
LINE
  5
290
330
17
100
AcDbEntity
  8
0
100
AcDbLine
 10
394.5
 20
329.0
 30
0.0
 11
395.0
 21
328.5
 31
0.0
  0
LINE
  5
291
330
17
100
AcDbEntity
  8
0
100
AcDbLine
 10
395.0
 20
328.5
 30
0.0
 11
395.5
 21
328.5
 31
0.0
  0
LINE
  5
292
330
17
100
AcDbEntity
  8
0
100
AcDbLine
 10
395.5
 20
328.5
 30
0.0
 11
396.0
 21
328.0
 31
0.0
  0
LINE
  5
293
330
17
100
AcDbEntity
  8
0
100
AcDbLine
 10
396.0
 20
328.0
 30
0.0
 11
396.5
 21
328.0
 31
0.0
  0
LINE
  5
294
330
17
100
AcDbEntity
  8
0
100
AcDbLine
 10
396.5
 20
328.0
 30
0.0
 11
397.0
 21
328.0
 31
0.0
  0
LINE
  5
295
330
17
100
AcDbEntity
  8
0
100
AcDbLine
 10
397.0
 20
328.0
 30
0.0
 11
397.5
 21
327.5
 31
0.0
  0
LINE
  5
296
330
17
100
AcDbEntity
  8
0
100
AcDbLine
 10
397.5
 20
327.5
 30
0.0
 11
398.0
 21
327.5
 31
0.0
  0
LINE
  5
297
330
17
100
AcDbEntity
  8
0
100
AcDbLine
 10
398.0
 20
327.5
 30
0.0
 11
398.5
 21
327.5
 31
0.0
  0
LINE
  5
298
330
17
100
AcDbEntity
  8
0
100
AcDbLine
 10
398.5
 20
327.5
 30
0.0
 11
399.0
 21
327.0
 31
0.0
  0
LINE
  5
299
330
17
100
AcDbEntity
  8
0
100
AcDbLine
 10
399.0
 20
327.0
 30
0.0
 11
399.5
 21
327.0
 31
0.0
  0
LINE
  5
29A
330
17
100
AcDbEntity
  8
0
100
AcDbLine
 10
399.5
 20
327.0
 30
0.0
 11
400.0
 21
326.5
 31
0.0
  0
LINE
  5
29B
330
17
100
AcDbEntity
  8
0
100
AcDbLine
 10
400.0
 20
326.5
 30
0.0
 11
400.5
 21
326.5
 31
0.0
  0
LINE
  5
29C
330
17
100
AcDbEntity
  8
0
100
AcDbLine
 10
400.5
 20
326.5
 30
0.0
 11
401.0
 21
326.5
 31
0.0
  0
LINE
  5
29D
330
17
100
AcDbEntity
  8
0
100
AcDbLine
 10
401.0
 20
326.5
 30
0.0
 11
401.5
 21
326.0
 31
0.0
  0
LINE
  5
29E
330
17
100
AcDbEntity
  8
0
100
AcDbLine
 10
401.5
 20
326.0
 30
0.0
 11
402.0
 21
326.0
 31
0.0
  0
LINE
  5
29F
330
17
100
AcDbEntity
  8
0
100
AcDbLine
 10
402.0
 20
326.0
 30
0.0
 11
402.5
 21
326.0
 31
0.0
  0
LINE
  5
2A0
330
17
100
AcDbEntity
  8
0
100
AcDbLine
 10
402.5
 20
326.0
 30
0.0
 11
403.0
 21
325.5
 31
0.0
  0
LINE
  5
2A1
330
17
100
AcDbEntity
  8
0
100
AcDbLine
 10
403.0
 20
325.5
 30
0.0
 11
403.5
 21
325.5
 31
0.0
  0
LINE
  5
2A2
330
17
100
AcDbEntity
  8
0
100
AcDbLine
 10
403.5
 20
325.5
 30
0.0
 11
404.0
 21
325.0
 31
0.0
  0
LINE
  5
2A3
330
17
100
AcDbEntity
  8
0
100
AcDbLine
 10
404.0
 20
325.0
 30
0.0
 11
404.5
 21
325.0
 31
0.0
  0
LINE
  5
2A4
330
17
100
AcDbEntity
  8
0
100
AcDbLine
 10
404.5
 20
325.0
 30
0.0
 11
405.0
 21
324.5
 31
0.0
  0
LINE
  5
2A5
330
17
100
AcDbEntity
  8
0
100
AcDbLine
 10
405.0
 20
324.5
 30
0.0
 11
405.5
 21
324.5
 31
0.0
  0
LINE
  5
2A6
330
17
100
AcDbEntity
  8
0
100
AcDbLine
 10
405.5
 20
324.5
 30
0.0
 11
406.0
 21
324.5
 31
0.0
  0
LINE
  5
2A7
330
17
100
AcDbEntity
  8
0
100
AcDbLine
 10
406.0
 20
324.5
 30
0.0
 11
406.5
 21
324.0
 31
0.0
  0
LINE
  5
2A8
330
17
100
AcDbEntity
  8
0
100
AcDbLine
 10
406.5
 20
324.0
 30
0.0
 11
407.0
 21
324.0
 31
0.0
  0
LINE
  5
2A9
330
17
100
AcDbEntity
  8
0
100
AcDbLine
 10
407.0
 20
324.0
 30
0.0
 11
407.5
 21
323.5
 31
0.0
  0
LINE
  5
2AA
330
17
100
AcDbEntity
  8
0
100
AcDbLine
 10
407.5
 20
323.5
 30
0.0
 11
408.0
 21
323.5
 31
0.0
  0
LINE
  5
2AB
330
17
100
AcDbEntity
  8
0
100
AcDbLine
 10
408.0
 20
323.5
 30
0.0
 11
408.5
 21
323.5
 31
0.0
  0
LINE
  5
2AC
330
17
100
AcDbEntity
  8
0
100
AcDbLine
 10
408.5
 20
323.5
 30
0.0
 11
409.0
 21
323.0
 31
0.0
  0
LINE
  5
2AD
330
17
100
AcDbEntity
  8
0
100
AcDbLine
 10
409.0
 20
323.0
 30
0.0
 11
409.5
 21
323.0
 31
0.0
  0
LINE
  5
2AE
330
17
100
AcDbEntity
  8
0
100
AcDbLine
 10
409.5
 20
323.0
 30
0.0
 11
410.0
 21
322.5
 31
0.0
  0
LINE
  5
2AF
330
17
100
AcDbEntity
  8
0
100
AcDbLine
 10
410.0
 20
322.5
 30
0.0
 11
410.5
 21
322.5
 31
0.0
  0
LINE
  5
2B0
330
17
100
AcDbEntity
  8
0
100
AcDbLine
 10
410.5
 20
322.5
 30
0.0
 11
411.0
 21
322.0
 31
0.0
  0
LINE
  5
2B1
330
17
100
AcDbEntity
  8
0
100
AcDbLine
 10
411.0
 20
322.0
 30
0.0
 11
411.5
 21
322.0
 31
0.0
  0
LINE
  5
2B2
330
17
100
AcDbEntity
  8
0
100
AcDbLine
 10
411.5
 20
322.0
 30
0.0
 11
412.0
 21
321.5
 31
0.0
  0
LINE
  5
2B3
330
17
100
AcDbEntity
  8
0
100
AcDbLine
 10
412.0
 20
321.5
 30
0.0
 11
412.5
 21
321.5
 31
0.0
  0
LINE
  5
2B4
330
17
100
AcDbEntity
  8
0
100
AcDbLine
 10
412.5
 20
321.5
 30
0.0
 11
413.0
 21
321.5
 31
0.0
  0
LINE
  5
2B5
330
17
100
AcDbEntity
  8
0
100
AcDbLine
 10
413.0
 20
321.5
 30
0.0
 11
413.5
 21
321.0
 31
0.0
  0
LINE
  5
2B6
330
17
100
AcDbEntity
  8
0
100
AcDbLine
 10
413.5
 20
321.0
 30
0.0
 11
414.0
 21
321.0
 31
0.0
  0
LINE
  5
2B7
330
17
100
AcDbEntity
  8
0
100
AcDbLine
 10
414.0
 20
321.0
 30
0.0
 11
414.5
 21
320.5
 31
0.0
  0
LINE
  5
2B8
330
17
100
AcDbEntity
  8
0
100
AcDbLine
 10
414.5
 20
320.5
 30
0.0
 11
415.0
 21
320.5
 31
0.0
  0
LINE
  5
2B9
330
17
100
AcDbEntity
  8
0
100
AcDbLine
 10
415.0
 20
320.5
 30
0.0
 11
415.5
 21
320.0
 31
0.0
  0
LINE
  5
2BA
330
17
100
AcDbEntity
  8
0
100
AcDbLine
 10
415.5
 20
320.0
 30
0.0
 11
416.0
 21
320.0
 31
0.0
  0
LINE
  5
2BB
330
17
100
AcDbEntity
  8
0
100
AcDbLine
 10
416.0
 20
320.0
 30
0.0
 11
416.5
 21
319.5
 31
0.0
  0
LINE
  5
2BC
330
17
100
AcDbEntity
  8
0
100
AcDbLine
 10
416.5
 20
319.5
 30
0.0
 11
417.0
 21
319.5
 31
0.0
  0
LINE
  5
2BD
330
17
100
AcDbEntity
  8
0
100
AcDbLine
 10
417.0
 20
319.5
 30
0.0
 11
417.5
 21
319.0
 31
0.0
  0
LINE
  5
2BE
330
17
100
AcDbEntity
  8
0
100
AcDbLine
 10
417.5
 20
319.0
 30
0.0
 11
418.0
 21
319.0
 31
0.0
  0
LINE
  5
2BF
330
17
100
AcDbEntity
  8
0
100
AcDbLine
 10
418.0
 20
319.0
 30
0.0
 11
418.5
 21
318.5
 31
0.0
  0
LINE
  5
2C0
330
17
100
AcDbEntity
  8
0
100
AcDbLine
 10
418.5
 20
318.5
 30
0.0
 11
419.0
 21
318.5
 31
0.0
  0
LINE
  5
2C1
330
17
100
AcDbEntity
  8
0
100
AcDbLine
 10
419.0
 20
318.5
 30
0.0
 11
419.5
 21
318.0
 31
0.0
  0
LINE
  5
2C2
330
17
100
AcDbEntity
  8
0
100
AcDbLine
 10
419.5
 20
318.0
 30
0.0
 11
420.0
 21
318.0
 31
0.0
  0
LINE
  5
2C3
330
17
100
AcDbEntity
  8
0
100
AcDbLine
 10
420.0
 20
318.0
 30
0.0
 11
420.5
 21
318.0
 31
0.0
  0
LINE
  5
2C4
330
17
100
AcDbEntity
  8
0
100
AcDbLine
 10
420.5
 20
318.0
 30
0.0
 11
421.0
 21
317.5
 31
0.0
  0
LINE
  5
2C5
330
17
100
AcDbEntity
  8
0
100
AcDbLine
 10
421.0
 20
317.5
 30
0.0
 11
421.5
 21
317.5
 31
0.0
  0
LINE
  5
2C6
330
17
100
AcDbEntity
  8
0
100
AcDbLine
 10
421.5
 20
317.5
 30
0.0
 11
422.0
 21
317.0
 31
0.0
  0
LINE
  5
2C7
330
17
100
AcDbEntity
  8
0
100
AcDbLine
 10
422.0
 20
317.0
 30
0.0
 11
422.5
 21
317.0
 31
0.0
  0
LINE
  5
2C8
330
17
100
AcDbEntity
  8
0
100
AcDbLine
 10
422.5
 20
317.0
 30
0.0
 11
423.0
 21
316.5
 31
0.0
  0
LINE
  5
2C9
330
17
100
AcDbEntity
  8
0
100
AcDbLine
 10
423.0
 20
316.5
 30
0.0
 11
423.5
 21
316.5
 31
0.0
  0
LINE
  5
2CA
330
17
100
AcDbEntity
  8
0
100
AcDbLine
 10
423.5
 20
316.5
 30
0.0
 11
424.0
 21
316.0
 31
0.0
  0
LINE
  5
2CB
330
17
100
AcDbEntity
  8
0
100
AcDbLine
 10
424.0
 20
316.0
 30
0.0
 11
424.5
 21
315.5
 31
0.0
  0
LINE
  5
2CC
330
17
100
AcDbEntity
  8
0
100
AcDbLine
 10
424.5
 20
315.5
 30
0.0
 11
425.0
 21
315.5
 31
0.0
  0
LINE
  5
2CD
330
17
100
AcDbEntity
  8
0
100
AcDbLine
 10
425.0
 20
315.5
 30
0.0
 11
425.5
 21
315.0
 31
0.0
  0
LINE
  5
2CE
330
17
100
AcDbEntity
  8
0
100
AcDbLine
 10
425.5
 20
315.0
 30
0.0
 11
426.0
 21
315.0
 31
0.0
  0
LINE
  5
2CF
330
17
100
AcDbEntity
  8
0
100
AcDbLine
 10
426.0
 20
315.0
 30
0.0
 11
426.5
 21
314.5
 31
0.0
  0
LINE
  5
2D0
330
17
100
AcDbEntity
  8
0
100
AcDbLine
 10
426.5
 20
314.5
 30
0.0
 11
427.0
 21
314.5
 31
0.0
  0
LINE
  5
2D1
330
17
100
AcDbEntity
  8
0
100
AcDbLine
 10
427.0
 20
314.5
 30
0.0
 11
427.5
 21
314.0
 31
0.0
  0
LINE
  5
2D2
330
17
100
AcDbEntity
  8
0
100
AcDbLine
 10
427.5
 20
314.0
 30
0.0
 11
428.0
 21
314.0
 31
0.0
  0
LINE
  5
2D3
330
17
100
AcDbEntity
  8
0
100
AcDbLine
 10
428.0
 20
314.0
 30
0.0
 11
428.5
 21
313.5
 31
0.0
  0
LINE
  5
2D4
330
17
100
AcDbEntity
  8
0
100
AcDbLine
 10
428.5
 20
313.5
 30
0.0
 11
429.0
 21
313.5
 31
0.0
  0
LINE
  5
2D5
330
17
100
AcDbEntity
  8
0
100
AcDbLine
 10
429.0
 20
313.5
 30
0.0
 11
429.5
 21
313.0
 31
0.0
  0
LINE
  5
2D6
330
17
100
AcDbEntity
  8
0
100
AcDbLine
 10
429.5
 20
313.0
 30
0.0
 11
430.0
 21
313.0
 31
0.0
  0
LINE
  5
2D7
330
17
100
AcDbEntity
  8
0
100
AcDbLine
 10
430.0
 20
313.0
 30
0.0
 11
430.5
 21
312.5
 31
0.0
  0
LINE
  5
2D8
330
17
100
AcDbEntity
  8
0
100
AcDbLine
 10
430.5
 20
312.5
 30
0.0
 11
431.0
 21
312.5
 31
0.0
  0
LINE
  5
2D9
330
17
100
AcDbEntity
  8
0
100
AcDbLine
 10
431.0
 20
312.5
 30
0.0
 11
431.5
 21
312.0
 31
0.0
  0
LINE
  5
2DA
330
17
100
AcDbEntity
  8
0
100
AcDbLine
 10
431.5
 20
312.0
 30
0.0
 11
432.0
 21
311.5
 31
0.0
  0
LINE
  5
2DB
330
17
100
AcDbEntity
  8
0
100
AcDbLine
 10
432.0
 20
311.5
 30
0.0
 11
432.5
 21
311.5
 31
0.0
  0
LINE
  5
2DC
330
17
100
AcDbEntity
  8
0
100
AcDbLine
 10
432.5
 20
311.5
 30
0.0
 11
433.0
 21
311.0
 31
0.0
  0
LINE
  5
2DD
330
17
100
AcDbEntity
  8
0
100
AcDbLine
 10
433.0
 20
311.0
 30
0.0
 11
433.5
 21
311.0
 31
0.0
  0
LINE
  5
2DE
330
17
100
AcDbEntity
  8
0
100
AcDbLine
 10
433.5
 20
311.0
 30
0.0
 11
434.0
 21
310.5
 31
0.0
  0
LINE
  5
2DF
330
17
100
AcDbEntity
  8
0
100
AcDbLine
 10
434.0
 20
310.5
 30
0.0
 11
434.5
 21
310.5
 31
0.0
  0
LINE
  5
2E0
330
17
100
AcDbEntity
  8
0
100
AcDbLine
 10
434.5
 20
310.5
 30
0.0
 11
435.0
 21
310.0
 31
0.0
  0
LINE
  5
2E1
330
17
100
AcDbEntity
  8
0
100
AcDbLine
 10
435.0
 20
310.0
 30
0.0
 11
435.5
 21
309.5
 31
0.0
  0
LINE
  5
2E2
330
17
100
AcDbEntity
  8
0
100
AcDbLine
 10
435.5
 20
309.5
 30
0.0
 11
436.0
 21
309.5
 31
0.0
  0
LINE
  5
2E3
330
17
100
AcDbEntity
  8
0
100
AcDbLine
 10
436.0
 20
309.5
 30
0.0
 11
436.5
 21
309.0
 31
0.0
  0
LINE
  5
2E4
330
17
100
AcDbEntity
  8
0
100
AcDbLine
 10
436.5
 20
309.0
 30
0.0
 11
437.0
 21
309.0
 31
0.0
  0
LINE
  5
2E5
330
17
100
AcDbEntity
  8
0
100
AcDbLine
 10
437.0
 20
309.0
 30
0.0
 11
437.5
 21
308.5
 31
0.0
  0
LINE
  5
2E6
330
17
100
AcDbEntity
  8
0
100
AcDbLine
 10
437.5
 20
308.5
 30
0.0
 11
438.0
 21
308.0
 31
0.0
  0
LINE
  5
2E7
330
17
100
AcDbEntity
  8
0
100
AcDbLine
 10
438.0
 20
308.0
 30
0.0
 11
438.5
 21
308.0
 31
0.0
  0
LINE
  5
2E8
330
17
100
AcDbEntity
  8
0
100
AcDbLine
 10
438.5
 20
308.0
 30
0.0
 11
439.0
 21
307.5
 31
0.0
  0
LINE
  5
2E9
330
17
100
AcDbEntity
  8
0
100
AcDbLine
 10
439.0
 20
307.5
 30
0.0
 11
439.5
 21
307.5
 31
0.0
  0
LINE
  5
2EA
330
17
100
AcDbEntity
  8
0
100
AcDbLine
 10
439.5
 20
307.5
 30
0.0
 11
440.0
 21
307.0
 31
0.0
  0
LINE
  5
2EB
330
17
100
AcDbEntity
  8
0
100
AcDbLine
 10
440.0
 20
307.0
 30
0.0
 11
440.5
 21
306.5
 31
0.0
  0
LINE
  5
2EC
330
17
100
AcDbEntity
  8
0
100
AcDbLine
 10
440.5
 20
306.5
 30
0.0
 11
441.0
 21
306.5
 31
0.0
  0
LINE
  5
2ED
330
17
100
AcDbEntity
  8
0
100
AcDbLine
 10
441.0
 20
306.5
 30
0.0
 11
441.5
 21
306.0
 31
0.0
  0
LINE
  5
2EE
330
17
100
AcDbEntity
  8
0
100
AcDbLine
 10
441.5
 20
306.0
 30
0.0
 11
442.0
 21
306.0
 31
0.0
  0
LINE
  5
2EF
330
17
100
AcDbEntity
  8
0
100
AcDbLine
 10
442.0
 20
306.0
 30
0.0
 11
442.5
 21
305.5
 31
0.0
  0
LINE
  5
2F0
330
17
100
AcDbEntity
  8
0
100
AcDbLine
 10
442.5
 20
305.5
 30
0.0
 11
443.0
 21
305.0
 31
0.0
  0
LINE
  5
2F1
330
17
100
AcDbEntity
  8
0
100
AcDbLine
 10
443.0
 20
305.0
 30
0.0
 11
443.5
 21
305.0
 31
0.0
  0
LINE
  5
2F2
330
17
100
AcDbEntity
  8
0
100
AcDbLine
 10
443.5
 20
305.0
 30
0.0
 11
444.0
 21
304.5
 31
0.0
  0
LINE
  5
2F3
330
17
100
AcDbEntity
  8
0
100
AcDbLine
 10
444.0
 20
304.5
 30
0.0
 11
444.5
 21
304.0
 31
0.0
  0
LINE
  5
2F4
330
17
100
AcDbEntity
  8
0
100
AcDbLine
 10
444.5
 20
304.0
 30
0.0
 11
445.0
 21
304.0
 31
0.0
  0
LINE
  5
2F5
330
17
100
AcDbEntity
  8
0
100
AcDbLine
 10
445.0
 20
304.0
 30
0.0
 11
445.5
 21
303.5
 31
0.0
  0
LINE
  5
2F6
330
17
100
AcDbEntity
  8
0
100
AcDbLine
 10
445.5
 20
303.5
 30
0.0
 11
446.0
 21
303.5
 31
0.0
  0
LINE
  5
2F7
330
17
100
AcDbEntity
  8
0
100
AcDbLine
 10
446.0
 20
303.5
 30
0.0
 11
446.5
 21
303.0
 31
0.0
  0
LINE
  5
2F8
330
17
100
AcDbEntity
  8
0
100
AcDbLine
 10
446.5
 20
303.0
 30
0.0
 11
447.0
 21
302.5
 31
0.0
  0
LINE
  5
2F9
330
17
100
AcDbEntity
  8
0
100
AcDbLine
 10
447.0
 20
302.5
 30
0.0
 11
447.5
 21
302.5
 31
0.0
  0
LINE
  5
2FA
330
17
100
AcDbEntity
  8
0
100
AcDbLine
 10
447.5
 20
302.5
 30
0.0
 11
448.0
 21
302.0
 31
0.0
  0
LINE
  5
2FB
330
17
100
AcDbEntity
  8
0
100
AcDbLine
 10
448.0
 20
302.0
 30
0.0
 11
448.5
 21
301.5
 31
0.0
  0
LINE
  5
2FC
330
17
100
AcDbEntity
  8
0
100
AcDbLine
 10
448.5
 20
301.5
 30
0.0
 11
449.0
 21
301.5
 31
0.0
  0
LINE
  5
2FD
330
17
100
AcDbEntity
  8
0
100
AcDbLine
 10
449.0
 20
301.5
 30
0.0
 11
449.5
 21
301.0
 31
0.0
  0
LINE
  5
2FE
330
17
100
AcDbEntity
  8
0
100
AcDbLine
 10
449.5
 20
301.0
 30
0.0
 11
450.0
 21
300.5
 31
0.0
  0
LINE
  5
2FF
330
17
100
AcDbEntity
  8
0
100
AcDbLine
 10
450.0
 20
300.5
 30
0.0
 11
450.5
 21
300.5
 31
0.0
  0
LINE
  5
300
330
17
100
AcDbEntity
  8
0
100
AcDbLine
 10
450.5
 20
300.5
 30
0.0
 11
451.0
 21
300.0
 31
0.0
  0
LINE
  5
301
330
17
100
AcDbEntity
  8
0
100
AcDbLine
 10
451.0
 20
300.0
 30
0.0
 11
451.5
 21
299.5
 31
0.0
  0
LINE
  5
302
330
17
100
AcDbEntity
  8
0
100
AcDbLine
 10
451.5
 20
299.5
 30
0.0
 11
452.0
 21
299.5
 31
0.0
  0
LINE
  5
303
330
17
100
AcDbEntity
  8
0
100
AcDbLine
 10
452.0
 20
299.5
 30
0.0
 11
452.5
 21
299.0
 31
0.0
  0
LINE
  5
304
330
17
100
AcDbEntity
  8
0
100
AcDbLine
 10
452.5
 20
299.0
 30
0.0
 11
453.0
 21
298.5
 31
0.0
  0
LINE
  5
305
330
17
100
AcDbEntity
  8
0
100
AcDbLine
 10
453.0
 20
298.5
 30
0.0
 11
453.5
 21
298.0
 31
0.0
  0
LINE
  5
306
330
17
100
AcDbEntity
  8
0
100
AcDbLine
 10
453.5
 20
298.0
 30
0.0
 11
454.0
 21
298.0
 31
0.0
  0
LINE
  5
307
330
17
100
AcDbEntity
  8
0
100
AcDbLine
 10
454.0
 20
298.0
 30
0.0
 11
454.5
 21
297.5
 31
0.0
  0
LINE
  5
308
330
17
100
AcDbEntity
  8
0
100
AcDbLine
 10
454.5
 20
297.5
 30
0.0
 11
455.0
 21
297.0
 31
0.0
  0
LINE
  5
309
330
17
100
AcDbEntity
  8
0
100
AcDbLine
 10
455.0
 20
297.0
 30
0.0
 11
455.5
 21
297.0
 31
0.0
  0
LINE
  5
30A
330
17
100
AcDbEntity
  8
0
100
AcDbLine
 10
455.5
 20
297.0
 30
0.0
 11
456.0
 21
296.5
 31
0.0
  0
LINE
  5
30B
330
17
100
AcDbEntity
  8
0
100
AcDbLine
 10
456.0
 20
296.5
 30
0.0
 11
456.5
 21
296.0
 31
0.0
  0
LINE
  5
30C
330
17
100
AcDbEntity
  8
0
100
AcDbLine
 10
456.5
 20
296.0
 30
0.0
 11
457.0
 21
295.5
 31
0.0
  0
LINE
  5
30D
330
17
100
AcDbEntity
  8
0
100
AcDbLine
 10
457.0
 20
295.5
 30
0.0
 11
457.5
 21
295.5
 31
0.0
  0
LINE
  5
30E
330
17
100
AcDbEntity
  8
0
100
AcDbLine
 10
457.5
 20
295.5
 30
0.0
 11
458.0
 21
295.0
 31
0.0
  0
LINE
  5
30F
330
17
100
AcDbEntity
  8
0
100
AcDbLine
 10
458.0
 20
295.0
 30
0.0
 11
458.5
 21
294.5
 31
0.0
  0
LINE
  5
310
330
17
100
AcDbEntity
  8
0
100
AcDbLine
 10
458.5
 20
294.5
 30
0.0
 11
459.0
 21
294.0
 31
0.0
  0
LINE
  5
311
330
17
100
AcDbEntity
  8
0
100
AcDbLine
 10
459.0
 20
294.0
 30
0.0
 11
459.5
 21
294.0
 31
0.0
  0
LINE
  5
312
330
17
100
AcDbEntity
  8
0
100
AcDbLine
 10
459.5
 20
294.0
 30
0.0
 11
460.0
 21
293.5
 31
0.0
  0
LINE
  5
313
330
17
100
AcDbEntity
  8
0
100
AcDbLine
 10
460.0
 20
293.5
 30
0.0
 11
460.5
 21
293.0
 31
0.0
  0
LINE
  5
314
330
17
100
AcDbEntity
  8
0
100
AcDbLine
 10
460.5
 20
293.0
 30
0.0
 11
461.0
 21
292.5
 31
0.0
  0
LINE
  5
315
330
17
100
AcDbEntity
  8
0
100
AcDbLine
 10
461.0
 20
292.5
 30
0.0
 11
461.5
 21
292.5
 31
0.0
  0
LINE
  5
316
330
17
100
AcDbEntity
  8
0
100
AcDbLine
 10
461.5
 20
292.5
 30
0.0
 11
462.0
 21
292.0
 31
0.0
  0
LINE
  5
317
330
17
100
AcDbEntity
  8
0
100
AcDbLine
 10
462.0
 20
292.0
 30
0.0
 11
462.5
 21
291.5
 31
0.0
  0
LINE
  5
318
330
17
100
AcDbEntity
  8
0
100
AcDbLine
 10
462.5
 20
291.5
 30
0.0
 11
463.0
 21
291.0
 31
0.0
  0
LINE
  5
319
330
17
100
AcDbEntity
  8
0
100
AcDbLine
 10
463.0
 20
291.0
 30
0.0
 11
463.5
 21
291.0
 31
0.0
  0
LINE
  5
31A
330
17
100
AcDbEntity
  8
0
100
AcDbLine
 10
463.5
 20
291.0
 30
0.0
 11
464.0
 21
290.5
 31
0.0
  0
LINE
  5
31B
330
17
100
AcDbEntity
  8
0
100
AcDbLine
 10
464.0
 20
290.5
 30
0.0
 11
464.5
 21
290.0
 31
0.0
  0
LINE
  5
31C
330
17
100
AcDbEntity
  8
0
100
AcDbLine
 10
464.5
 20
290.0
 30
0.0
 11
465.0
 21
289.5
 31
0.0
  0
LINE
  5
31D
330
17
100
AcDbEntity
  8
0
100
AcDbLine
 10
465.0
 20
289.5
 30
0.0
 11
465.5
 21
289.5
 31
0.0
  0
LINE
  5
31E
330
17
100
AcDbEntity
  8
0
100
AcDbLine
 10
465.5
 20
289.5
 30
0.0
 11
466.0
 21
289.0
 31
0.0
  0
LINE
  5
31F
330
17
100
AcDbEntity
  8
0
100
AcDbLine
 10
466.0
 20
289.0
 30
0.0
 11
466.5
 21
288.5
 31
0.0
  0
LINE
  5
320
330
17
100
AcDbEntity
  8
0
100
AcDbLine
 10
466.5
 20
288.5
 30
0.0
 11
467.0
 21
288.0
 31
0.0
  0
LINE
  5
321
330
17
100
AcDbEntity
  8
0
100
AcDbLine
 10
467.0
 20
288.0
 30
0.0
 11
467.5
 21
287.5
 31
0.0
  0
LINE
  5
322
330
17
100
AcDbEntity
  8
0
100
AcDbLine
 10
467.5
 20
287.5
 30
0.0
 11
468.0
 21
287.0
 31
0.0
  0
LINE
  5
323
330
17
100
AcDbEntity
  8
0
100
AcDbLine
 10
468.0
 20
287.0
 30
0.0
 11
468.5
 21
287.0
 31
0.0
  0
LINE
  5
324
330
17
100
AcDbEntity
  8
0
100
AcDbLine
 10
468.5
 20
287.0
 30
0.0
 11
469.0
 21
286.5
 31
0.0
  0
LINE
  5
325
330
17
100
AcDbEntity
  8
0
100
AcDbLine
 10
469.0
 20
286.5
 30
0.0
 11
469.5
 21
286.0
 31
0.0
  0
LINE
  5
326
330
17
100
AcDbEntity
  8
0
100
AcDbLine
 10
469.5
 20
286.0
 30
0.0
 11
470.0
 21
285.5
 31
0.0
  0
LINE
  5
327
330
17
100
AcDbEntity
  8
0
100
AcDbLine
 10
470.0
 20
285.5
 30
0.0
 11
470.5
 21
285.0
 31
0.0
  0
LINE
  5
328
330
17
100
AcDbEntity
  8
0
100
AcDbLine
 10
470.5
 20
285.0
 30
0.0
 11
471.0
 21
285.0
 31
0.0
  0
LINE
  5
329
330
17
100
AcDbEntity
  8
0
100
AcDbLine
 10
471.0
 20
285.0
 30
0.0
 11
471.5
 21
284.5
 31
0.0
  0
LINE
  5
32A
330
17
100
AcDbEntity
  8
0
100
AcDbLine
 10
471.5
 20
284.5
 30
0.0
 11
472.0
 21
284.0
 31
0.0
  0
LINE
  5
32B
330
17
100
AcDbEntity
  8
0
100
AcDbLine
 10
472.0
 20
284.0
 30
0.0
 11
472.5
 21
283.5
 31
0.0
  0
LINE
  5
32C
330
17
100
AcDbEntity
  8
0
100
AcDbLine
 10
472.5
 20
283.5
 30
0.0
 11
473.0
 21
283.0
 31
0.0
  0
LINE
  5
32D
330
17
100
AcDbEntity
  8
0
100
AcDbLine
 10
473.0
 20
283.0
 30
0.0
 11
473.5
 21
282.5
 31
0.0
  0
LINE
  5
32E
330
17
100
AcDbEntity
  8
0
100
AcDbLine
 10
473.5
 20
282.5
 30
0.0
 11
474.0
 21
282.0
 31
0.0
  0
LINE
  5
32F
330
17
100
AcDbEntity
  8
0
100
AcDbLine
 10
474.0
 20
282.0
 30
0.0
 11
474.5
 21
282.0
 31
0.0
  0
LINE
  5
330
330
17
100
AcDbEntity
  8
0
100
AcDbLine
 10
474.5
 20
282.0
 30
0.0
 11
475.0
 21
281.5
 31
0.0
  0
LINE
  5
331
330
17
100
AcDbEntity
  8
0
100
AcDbLine
 10
475.0
 20
281.5
 30
0.0
 11
475.5
 21
281.0
 31
0.0
  0
LINE
  5
332
330
17
100
AcDbEntity
  8
0
100
AcDbLine
 10
475.5
 20
281.0
 30
0.0
 11
476.0
 21
280.5
 31
0.0
  0
LINE
  5
333
330
17
100
AcDbEntity
  8
0
100
AcDbLine
 10
476.0
 20
280.5
 30
0.0
 11
476.5
 21
280.0
 31
0.0
  0
LINE
  5
334
330
17
100
AcDbEntity
  8
0
100
AcDbLine
 10
476.5
 20
280.0
 30
0.0
 11
477.0
 21
279.5
 31
0.0
  0
LINE
  5
335
330
17
100
AcDbEntity
  8
0
100
AcDbLine
 10
477.0
 20
279.5
 30
0.0
 11
477.5
 21
279.0
 31
0.0
  0
LINE
  5
336
330
17
100
AcDbEntity
  8
0
100
AcDbLine
 10
477.5
 20
279.0
 30
0.0
 11
478.0
 21
278.5
 31
0.0
  0
LINE
  5
337
330
17
100
AcDbEntity
  8
0
100
AcDbLine
 10
478.0
 20
278.5
 30
0.0
 11
478.5
 21
278.0
 31
0.0
  0
LINE
  5
338
330
17
100
AcDbEntity
  8
0
100
AcDbLine
 10
478.5
 20
278.0
 30
0.0
 11
479.0
 21
277.5
 31
0.0
  0
LINE
  5
339
330
17
100
AcDbEntity
  8
0
100
AcDbLine
 10
479.0
 20
277.5
 30
0.0
 11
479.5
 21
277.5
 31
0.0
  0
LINE
  5
33A
330
17
100
AcDbEntity
  8
0
100
AcDbLine
 10
479.5
 20
277.5
 30
0.0
 11
480.0
 21
277.0
 31
0.0
  0
LINE
  5
33B
330
17
100
AcDbEntity
  8
0
100
AcDbLine
 10
480.0
 20
277.0
 30
0.0
 11
480.5
 21
276.5
 31
0.0
  0
LINE
  5
33C
330
17
100
AcDbEntity
  8
0
100
AcDbLine
 10
480.5
 20
276.5
 30
0.0
 11
481.0
 21
276.0
 31
0.0
  0
LINE
  5
33D
330
17
100
AcDbEntity
  8
0
100
AcDbLine
 10
481.0
 20
276.0
 30
0.0
 11
481.5
 21
275.5
 31
0.0
  0
LINE
  5
33E
330
17
100
AcDbEntity
  8
0
100
AcDbLine
 10
481.5
 20
275.5
 30
0.0
 11
482.0
 21
275.0
 31
0.0
  0
LINE
  5
33F
330
17
100
AcDbEntity
  8
0
100
AcDbLine
 10
482.0
 20
275.0
 30
0.0
 11
482.5
 21
274.5
 31
0.0
  0
LINE
  5
340
330
17
100
AcDbEntity
  8
0
100
AcDbLine
 10
482.5
 20
274.5
 30
0.0
 11
483.0
 21
274.0
 31
0.0
  0
LINE
  5
341
330
17
100
AcDbEntity
  8
0
100
AcDbLine
 10
483.0
 20
274.0
 30
0.0
 11
483.5
 21
273.5
 31
0.0
  0
LINE
  5
342
330
17
100
AcDbEntity
  8
0
100
AcDbLine
 10
483.5
 20
273.5
 30
0.0
 11
484.0
 21
273.0
 31
0.0
  0
LINE
  5
343
330
17
100
AcDbEntity
  8
0
100
AcDbLine
 10
484.0
 20
273.0
 30
0.0
 11
484.5
 21
272.5
 31
0.0
  0
LINE
  5
344
330
17
100
AcDbEntity
  8
0
100
AcDbLine
 10
484.5
 20
272.5
 30
0.0
 11
485.0
 21
272.0
 31
0.0
  0
LINE
  5
345
330
17
100
AcDbEntity
  8
0
100
AcDbLine
 10
485.0
 20
272.0
 30
0.0
 11
485.5
 21
271.5
 31
0.0
  0
LINE
  5
346
330
17
100
AcDbEntity
  8
0
100
AcDbLine
 10
485.5
 20
271.5
 30
0.0
 11
486.0
 21
271.0
 31
0.0
  0
LINE
  5
347
330
17
100
AcDbEntity
  8
0
100
AcDbLine
 10
486.0
 20
271.0
 30
0.0
 11
486.5
 21
270.5
 31
0.0
  0
LINE
  5
348
330
17
100
AcDbEntity
  8
0
100
AcDbLine
 10
486.5
 20
270.5
 30
0.0
 11
487.0
 21
270.0
 31
0.0
  0
LINE
  5
349
330
17
100
AcDbEntity
  8
0
100
AcDbLine
 10
487.0
 20
270.0
 30
0.0
 11
487.5
 21
269.5
 31
0.0
  0
LINE
  5
34A
330
17
100
AcDbEntity
  8
0
100
AcDbLine
 10
487.5
 20
269.5
 30
0.0
 11
488.0
 21
269.0
 31
0.0
  0
LINE
  5
34B
330
17
100
AcDbEntity
  8
0
100
AcDbLine
 10
488.0
 20
269.0
 30
0.0
 11
488.5
 21
268.5
 31
0.0
  0
LINE
  5
34C
330
17
100
AcDbEntity
  8
0
100
AcDbLine
 10
488.5
 20
268.5
 30
0.0
 11
489.0
 21
268.0
 31
0.0
  0
LINE
  5
34D
330
17
100
AcDbEntity
  8
0
100
AcDbLine
 10
489.0
 20
268.0
 30
0.0
 11
489.5
 21
267.5
 31
0.0
  0
LINE
  5
34E
330
17
100
AcDbEntity
  8
0
100
AcDbLine
 10
489.5
 20
267.5
 30
0.0
 11
490.0
 21
267.0
 31
0.0
  0
LINE
  5
34F
330
17
100
AcDbEntity
  8
0
100
AcDbLine
 10
490.0
 20
267.0
 30
0.0
 11
490.5
 21
266.5
 31
0.0
  0
LINE
  5
350
330
17
100
AcDbEntity
  8
0
100
AcDbLine
 10
490.5
 20
266.5
 30
0.0
 11
491.0
 21
266.0
 31
0.0
  0
LINE
  5
351
330
17
100
AcDbEntity
  8
0
100
AcDbLine
 10
491.0
 20
266.0
 30
0.0
 11
491.5
 21
265.5
 31
0.0
  0
LINE
  5
352
330
17
100
AcDbEntity
  8
0
100
AcDbLine
 10
491.5
 20
265.5
 30
0.0
 11
492.0
 21
265.0
 31
0.0
  0
LINE
  5
353
330
17
100
AcDbEntity
  8
0
100
AcDbLine
 10
492.0
 20
265.0
 30
0.0
 11
492.5
 21
264.5
 31
0.0
  0
LINE
  5
354
330
17
100
AcDbEntity
  8
0
100
AcDbLine
 10
492.5
 20
264.5
 30
0.0
 11
493.0
 21
264.0
 31
0.0
  0
LINE
  5
355
330
17
100
AcDbEntity
  8
0
100
AcDbLine
 10
493.0
 20
264.0
 30
0.0
 11
493.5
 21
263.5
 31
0.0
  0
LINE
  5
356
330
17
100
AcDbEntity
  8
0
100
AcDbLine
 10
493.5
 20
263.5
 30
0.0
 11
494.0
 21
262.5
 31
0.0
  0
LINE
  5
357
330
17
100
AcDbEntity
  8
0
100
AcDbLine
 10
494.0
 20
262.5
 30
0.0
 11
494.5
 21
262.0
 31
0.0
  0
LINE
  5
358
330
17
100
AcDbEntity
  8
0
100
AcDbLine
 10
494.5
 20
262.0
 30
0.0
 11
495.0
 21
261.5
 31
0.0
  0
LINE
  5
359
330
17
100
AcDbEntity
  8
0
100
AcDbLine
 10
495.0
 20
261.5
 30
0.0
 11
495.5
 21
261.0
 31
0.0
  0
LINE
  5
35A
330
17
100
AcDbEntity
  8
0
100
AcDbLine
 10
495.5
 20
261.0
 30
0.0
 11
496.0
 21
260.5
 31
0.0
  0
LINE
  5
35B
330
17
100
AcDbEntity
  8
0
100
AcDbLine
 10
496.0
 20
260.5
 30
0.0
 11
496.5
 21
260.0
 31
0.0
  0
LINE
  5
35C
330
17
100
AcDbEntity
  8
0
100
AcDbLine
 10
496.5
 20
260.0
 30
0.0
 11
497.0
 21
259.5
 31
0.0
  0
LINE
  5
35D
330
17
100
AcDbEntity
  8
0
100
AcDbLine
 10
497.0
 20
259.5
 30
0.0
 11
497.5
 21
259.0
 31
0.0
  0
LINE
  5
35E
330
17
100
AcDbEntity
  8
0
100
AcDbLine
 10
497.5
 20
259.0
 30
0.0
 11
498.0
 21
258.5
 31
0.0
  0
LINE
  5
35F
330
17
100
AcDbEntity
  8
0
100
AcDbLine
 10
498.0
 20
258.5
 30
0.0
 11
498.5
 21
257.5
 31
0.0
  0
LINE
  5
360
330
17
100
AcDbEntity
  8
0
100
AcDbLine
 10
498.5
 20
257.5
 30
0.0
 11
499.0
 21
257.0
 31
0.0
  0
LINE
  5
361
330
17
100
AcDbEntity
  8
0
100
AcDbLine
 10
499.0
 20
257.0
 30
0.0
 11
499.5
 21
256.5
 31
0.0
  0
LINE
  5
362
330
17
100
AcDbEntity
  8
0
100
AcDbLine
 10
499.5
 20
256.5
 30
0.0
 11
500.0
 21
256.0
 31
0.0
  0
LINE
  5
363
330
17
100
AcDbEntity
  8
0
100
AcDbLine
 10
500.0
 20
256.0
 30
0.0
 11
500.5
 21
255.5
 31
0.0
  0
LINE
  5
364
330
17
100
AcDbEntity
  8
0
100
AcDbLine
 10
500.5
 20
255.5
 30
0.0
 11
501.0
 21
255.0
 31
0.0
  0
LINE
  5
365
330
17
100
AcDbEntity
  8
0
100
AcDbLine
 10
501.0
 20
255.0
 30
0.0
 11
501.5
 21
254.0
 31
0.0
  0
LINE
  5
366
330
17
100
AcDbEntity
  8
0
100
AcDbLine
 10
501.5
 20
254.0
 30
0.0
 11
502.0
 21
253.5
 31
0.0
  0
LINE
  5
367
330
17
100
AcDbEntity
  8
0
100
AcDbLine
 10
502.0
 20
253.5
 30
0.0
 11
502.5
 21
253.0
 31
0.0
  0
LINE
  5
368
330
17
100
AcDbEntity
  8
0
100
AcDbLine
 10
502.5
 20
253.0
 30
0.0
 11
503.0
 21
252.5
 31
0.0
  0
LINE
  5
369
330
17
100
AcDbEntity
  8
0
100
AcDbLine
 10
503.0
 20
252.5
 30
0.0
 11
503.5
 21
252.0
 31
0.0
  0
LINE
  5
36A
330
17
100
AcDbEntity
  8
0
100
AcDbLine
 10
503.5
 20
252.0
 30
0.0
 11
504.0
 21
251.0
 31
0.0
  0
LINE
  5
36B
330
17
100
AcDbEntity
  8
0
100
AcDbLine
 10
504.0
 20
251.0
 30
0.0
 11
504.5
 21
250.5
 31
0.0
  0
LINE
  5
36C
330
17
100
AcDbEntity
  8
0
100
AcDbLine
 10
504.5
 20
250.5
 30
0.0
 11
505.0
 21
250.0
 31
0.0
  0
LINE
  5
36D
330
17
100
AcDbEntity
  8
0
100
AcDbLine
 10
505.0
 20
250.0
 30
0.0
 11
505.5
 21
249.5
 31
0.0
  0
LINE
  5
36E
330
17
100
AcDbEntity
  8
0
100
AcDbLine
 10
505.5
 20
249.5
 30
0.0
 11
506.0
 21
248.5
 31
0.0
  0
LINE
  5
36F
330
17
100
AcDbEntity
  8
0
100
AcDbLine
 10
506.0
 20
248.5
 30
0.0
 11
506.5
 21
248.0
 31
0.0
  0
LINE
  5
370
330
17
100
AcDbEntity
  8
0
100
AcDbLine
 10
506.5
 20
248.0
 30
0.0
 11
507.0
 21
247.5
 31
0.0
  0
LINE
  5
371
330
17
100
AcDbEntity
  8
0
100
AcDbLine
 10
507.0
 20
247.5
 30
0.0
 11
507.5
 21
247.0
 31
0.0
  0
LINE
  5
372
330
17
100
AcDbEntity
  8
0
100
AcDbLine
 10
507.5
 20
247.0
 30
0.0
 11
508.0
 21
246.0
 31
0.0
  0
LINE
  5
373
330
17
100
AcDbEntity
  8
0
100
AcDbLine
 10
508.0
 20
246.0
 30
0.0
 11
508.5
 21
245.5
 31
0.0
  0
LINE
  5
374
330
17
100
AcDbEntity
  8
0
100
AcDbLine
 10
508.5
 20
245.5
 30
0.0
 11
509.0
 21
245.0
 31
0.0
  0
LINE
  5
375
330
17
100
AcDbEntity
  8
0
100
AcDbLine
 10
509.0
 20
245.0
 30
0.0
 11
509.5
 21
243.5
 31
0.0
  0
LINE
  5
376
330
17
100
AcDbEntity
  8
0
100
AcDbLine
 10
509.5
 20
243.5
 30
0.0
 11
510.0
 21
242.0
 31
0.0
  0
LINE
  5
377
330
17
100
AcDbEntity
  8
0
100
AcDbLine
 10
510.0
 20
242.0
 30
0.0
 11
510.5
 21
240.5
 31
0.0
  0
LINE
  5
378
330
17
100
AcDbEntity
  8
0
100
AcDbLine
 10
510.5
 20
240.5
 30
0.0
 11
511.0
 21
238.5
 31
0.0
  0
LINE
  5
379
330
17
100
AcDbEntity
  8
0
100
AcDbLine
 10
511.0
 20
238.5
 30
0.0
 11
511.5
 21
237.0
 31
0.0
  0
LINE
  5
37A
330
17
100
AcDbEntity
  8
0
100
AcDbLine
 10
511.5
 20
237.0
 30
0.0
 11
512.0
 21
235.0
 31
0.0
  0
LINE
  5
37B
330
17
100
AcDbEntity
  8
0
100
AcDbLine
 10
512.0
 20
235.0
 30
0.0
 11
512.5
 21
233.5
 31
0.0
  0
LINE
  5
37C
330
17
100
AcDbEntity
  8
0
100
AcDbLine
 10
512.5
 20
233.5
 30
0.0
 11
513.0
 21
231.5
 31
0.0
  0
LINE
  5
37D
330
17
100
AcDbEntity
  8
0
100
AcDbLine
 10
513.0
 20
231.5
 30
0.0
 11
513.5
 21
229.5
 31
0.0
  0
LINE
  5
37E
330
17
100
AcDbEntity
  8
0
100
AcDbLine
 10
513.5
 20
229.5
 30
0.0
 11
514.0
 21
227.5
 31
0.0
  0
LINE
  5
37F
330
17
100
AcDbEntity
  8
0
100
AcDbLine
 10
514.0
 20
227.5
 30
0.0
 11
514.5
 21
226.0
 31
0.0
  0
LINE
  5
380
330
17
100
AcDbEntity
  8
0
100
AcDbLine
 10
514.5
 20
226.0
 30
0.0
 11
515.0
 21
224.0
 31
0.0
  0
LINE
  5
381
330
17
100
AcDbEntity
  8
0
100
AcDbLine
 10
515.0
 20
224.0
 30
0.0
 11
515.5
 21
222.0
 31
0.0
  0
LINE
  5
382
330
17
100
AcDbEntity
  8
0
100
AcDbLine
 10
515.5
 20
222.0
 30
0.0
 11
516.0
 21
220.0
 31
0.0
  0
LINE
  5
383
330
17
100
AcDbEntity
  8
0
100
AcDbLine
 10
516.0
 20
220.0
 30
0.0
 11
516.5
 21
218.0
 31
0.0
  0
LINE
  5
384
330
17
100
AcDbEntity
  8
0
100
AcDbLine
 10
516.5
 20
218.0
 30
0.0
 11
517.0
 21
216.0
 31
0.0
  0
LINE
  5
385
330
17
100
AcDbEntity
  8
0
100
AcDbLine
 10
517.0
 20
216.0
 30
0.0
 11
517.5
 21
214.0
 31
0.0
  0
LINE
  5
386
330
17
100
AcDbEntity
  8
0
100
AcDbLine
 10
517.5
 20
214.0
 30
0.0
 11
518.0
 21
211.5
 31
0.0
  0
LINE
  5
387
330
17
100
AcDbEntity
  8
0
100
AcDbLine
 10
518.0
 20
211.5
 30
0.0
 11
518.5
 21
209.5
 31
0.0
  0
LINE
  5
388
330
17
100
AcDbEntity
  8
0
100
AcDbLine
 10
518.5
 20
209.5
 30
0.0
 11
519.0
 21
207.5
 31
0.0
  0
LINE
  5
389
330
17
100
AcDbEntity
  8
0
100
AcDbLine
 10
519.0
 20
207.5
 30
0.0
 11
519.5
 21
205.0
 31
0.0
  0
LINE
  5
38A
330
17
100
AcDbEntity
  8
0
100
AcDbLine
 10
519.5
 20
205.0
 30
0.0
 11
520.0
 21
203.0
 31
0.0
  0
LINE
  5
38B
330
17
100
AcDbEntity
  8
0
100
AcDbLine
 10
520.0
 20
203.0
 30
0.0
 11
520.5
 21
200.5
 31
0.0
  0
LINE
  5
38C
330
17
100
AcDbEntity
  8
0
100
AcDbLine
 10
520.5
 20
200.5
 30
0.0
 11
521.0
 21
198.0
 31
0.0
  0
LINE
  5
38D
330
17
100
AcDbEntity
  8
0
100
AcDbLine
 10
521.0
 20
198.0
 30
0.0
 11
521.5
 21
195.5
 31
0.0
  0
LINE
  5
38E
330
17
100
AcDbEntity
  8
0
100
AcDbLine
 10
521.5
 20
195.5
 30
0.0
 11
522.0
 21
193.0
 31
0.0
  0
LINE
  5
38F
330
17
100
AcDbEntity
  8
0
100
AcDbLine
 10
522.0
 20
193.0
 30
0.0
 11
522.5
 21
190.5
 31
0.0
  0
LINE
  5
390
330
17
100
AcDbEntity
  8
0
100
AcDbLine
 10
522.5
 20
190.5
 30
0.0
 11
523.0
 21
187.5
 31
0.0
  0
LINE
  5
391
330
17
100
AcDbEntity
  8
0
100
AcDbLine
 10
523.0
 20
187.5
 30
0.0
 11
523.5
 21
185.0
 31
0.0
  0
LINE
  5
392
330
17
100
AcDbEntity
  8
0
100
AcDbLine
 10
523.5
 20
185.0
 30
0.0
 11
524.0
 21
182.0
 31
0.0
  0
LINE
  5
393
330
17
100
AcDbEntity
  8
0
100
AcDbLine
 10
524.0
 20
182.0
 30
0.0
 11
524.5
 21
179.0
 31
0.0
  0
LINE
  5
394
330
17
100
AcDbEntity
  8
0
100
AcDbLine
 10
524.5
 20
179.0
 30
0.0
 11
525.0
 21
176.0
 31
0.0
  0
LINE
  5
395
330
17
100
AcDbEntity
  8
0
100
AcDbLine
 10
525.0
 20
176.0
 30
0.0
 11
525.5
 21
173.0
 31
0.0
  0
LINE
  5
396
330
17
100
AcDbEntity
  8
0
100
AcDbLine
 10
525.5
 20
173.0
 30
0.0
 11
526.0
 21
169.5
 31
0.0
  0
LINE
  5
397
330
17
100
AcDbEntity
  8
0
100
AcDbLine
 10
526.0
 20
169.5
 30
0.0
 11
526.5
 21
166.0
 31
0.0
  0
LINE
  5
398
330
17
100
AcDbEntity
  8
0
100
AcDbLine
 10
526.5
 20
166.0
 30
0.0
 11
527.0
 21
162.5
 31
0.0
  0
LINE
  5
399
330
17
100
AcDbEntity
  8
0
100
AcDbLine
 10
527.0
 20
162.5
 30
0.0
 11
527.5
 21
158.5
 31
0.0
  0
LINE
  5
39A
330
17
100
AcDbEntity
  8
0
100
AcDbLine
 10
527.5
 20
158.5
 30
0.0
 11
528.0
 21
154.5
 31
0.0
  0
LINE
  5
39B
330
17
100
AcDbEntity
  8
0
100
AcDbLine
 10
528.0
 20
154.5
 30
0.0
 11
528.5
 21
150.0
 31
0.0
  0
LINE
  5
39C
330
17
100
AcDbEntity
  8
0
100
AcDbLine
 10
528.5
 20
150.0
 30
0.0
 11
529.0
 21
145.0
 31
0.0
  0
LINE
  5
39D
330
17
100
AcDbEntity
  8
0
100
AcDbLine
 10
529.0
 20
145.0
 30
0.0
 11
529.5
 21
140.0
 31
0.0
  0
LINE
  5
39E
330
17
100
AcDbEntity
  8
0
100
AcDbLine
 10
529.5
 20
140.0
 30
0.0
 11
530.0
 21
134.0
 31
0.0
  0
LINE
  5
39F
330
17
100
AcDbEntity
  8
0
100
AcDbLine
 10
530.0
 20
134.0
 30
0.0
 11
530.5
 21
127.0
 31
0.0
  0
LINE
  5
3A0
330
17
100
AcDbEntity
  8
0
100
AcDbLine
 10
530.5
 20
127.0
 30
0.0
 11
531.0
 21
118.0
 31
0.0
  0
LINE
  5
3A1
330
17
100
AcDbEntity
  8
0
100
AcDbLine
 10
531.0
 20
118.0
 30
0.0
 11
531.5
 21
102.0
 31
0.0
  0
LINE
  5
3A2
330
17
100
AcDbEntity
  8
0
100
AcDbLine
 10
90.0
 20
-17.0
 30
0.0
 11
90.5
 21
-17.5
 31
0.0
  0
LINE
  5
3A3
330
17
100
AcDbEntity
  8
0
100
AcDbLine
 10
90.5
 20
-17.5
 30
0.0
 11
91.0
 21
-18.0
 31
0.0
  0
LINE
  5
3A4
330
17
100
AcDbEntity
  8
0
100
AcDbLine
 10
91.0
 20
-18.0
 30
0.0
 11
91.5
 21
-19.0
 31
0.0
  0
LINE
  5
3A5
330
17
100
AcDbEntity
  8
0
100
AcDbLine
 10
91.5
 20
-19.0
 30
0.0
 11
92.0
 21
-19.5
 31
0.0
  0
LINE
  5
3A6
330
17
100
AcDbEntity
  8
0
100
AcDbLine
 10
92.0
 20
-19.5
 30
0.0
 11
92.5
 21
-20.0
 31
0.0
  0
LINE
  5
3A7
330
17
100
AcDbEntity
  8
0
100
AcDbLine
 10
92.5
 20
-20.0
 30
0.0
 11
93.0
 21
-20.5
 31
0.0
  0
LINE
  5
3A8
330
17
100
AcDbEntity
  8
0
100
AcDbLine
 10
93.0
 20
-20.5
 30
0.0
 11
93.5
 21
-21.0
 31
0.0
  0
LINE
  5
3A9
330
17
100
AcDbEntity
  8
0
100
AcDbLine
 10
93.5
 20
-21.0
 30
0.0
 11
94.0
 21
-21.5
 31
0.0
  0
LINE
  5
3AA
330
17
100
AcDbEntity
  8
0
100
AcDbLine
 10
94.0
 20
-21.5
 30
0.0
 11
94.5
 21
-22.0
 31
0.0
  0
LINE
  5
3AB
330
17
100
AcDbEntity
  8
0
100
AcDbLine
 10
94.5
 20
-22.0
 30
0.0
 11
95.0
 21
-22.5
 31
0.0
  0
LINE
  5
3AC
330
17
100
AcDbEntity
  8
0
100
AcDbLine
 10
95.0
 20
-22.5
 30
0.0
 11
95.5
 21
-23.0
 31
0.0
  0
LINE
  5
3AD
330
17
100
AcDbEntity
  8
0
100
AcDbLine
 10
95.5
 20
-23.0
 30
0.0
 11
96.0
 21
-24.0
 31
0.0
  0
LINE
  5
3AE
330
17
100
AcDbEntity
  8
0
100
AcDbLine
 10
96.0
 20
-24.0
 30
0.0
 11
96.5
 21
-24.5
 31
0.0
  0
LINE
  5
3AF
330
17
100
AcDbEntity
  8
0
100
AcDbLine
 10
96.5
 20
-24.5
 30
0.0
 11
97.0
 21
-25.0
 31
0.0
  0
LINE
  5
3B0
330
17
100
AcDbEntity
  8
0
100
AcDbLine
 10
97.0
 20
-25.0
 30
0.0
 11
97.5
 21
-25.5
 31
0.0
  0
LINE
  5
3B1
330
17
100
AcDbEntity
  8
0
100
AcDbLine
 10
97.5
 20
-25.5
 30
0.0
 11
98.0
 21
-26.0
 31
0.0
  0
LINE
  5
3B2
330
17
100
AcDbEntity
  8
0
100
AcDbLine
 10
98.0
 20
-26.0
 30
0.0
 11
98.5
 21
-26.5
 31
0.0
  0
LINE
  5
3B3
330
17
100
AcDbEntity
  8
0
100
AcDbLine
 10
98.5
 20
-26.5
 30
0.0
 11
99.0
 21
-27.5
 31
0.0
  0
LINE
  5
3B4
330
17
100
AcDbEntity
  8
0
100
AcDbLine
 10
99.0
 20
-27.5
 30
0.0
 11
99.5
 21
-28.0
 31
0.0
  0
LINE
  5
3B5
330
17
100
AcDbEntity
  8
0
100
AcDbLine
 10
99.5
 20
-28.0
 30
0.0
 11
100.0
 21
-28.5
 31
0.0
  0
LINE
  5
3B6
330
17
100
AcDbEntity
  8
0
100
AcDbLine
 10
100.0
 20
-28.5
 30
0.0
 11
100.5
 21
-29.0
 31
0.0
  0
LINE
  5
3B7
330
17
100
AcDbEntity
  8
0
100
AcDbLine
 10
100.5
 20
-29.0
 30
0.0
 11
101.0
 21
-29.5
 31
0.0
  0
LINE
  5
3B8
330
17
100
AcDbEntity
  8
0
100
AcDbLine
 10
101.0
 20
-29.5
 30
0.0
 11
101.5
 21
-30.5
 31
0.0
  0
LINE
  5
3B9
330
17
100
AcDbEntity
  8
0
100
AcDbLine
 10
101.5
 20
-30.5
 30
0.0
 11
102.0
 21
-31.0
 31
0.0
  0
LINE
  5
3BA
330
17
100
AcDbEntity
  8
0
100
AcDbLine
 10
102.0
 20
-31.0
 30
0.0
 11
102.5
 21
-31.5
 31
0.0
  0
LINE
  5
3BB
330
17
100
AcDbEntity
  8
0
100
AcDbLine
 10
102.5
 20
-31.5
 30
0.0
 11
103.0
 21
-32.0
 31
0.0
  0
LINE
  5
3BC
330
17
100
AcDbEntity
  8
0
100
AcDbLine
 10
103.0
 20
-32.0
 30
0.0
 11
103.5
 21
-33.0
 31
0.0
  0
LINE
  5
3BD
330
17
100
AcDbEntity
  8
0
100
AcDbLine
 10
103.5
 20
-33.0
 30
0.0
 11
104.0
 21
-33.5
 31
0.0
  0
LINE
  5
3BE
330
17
100
AcDbEntity
  8
0
100
AcDbLine
 10
104.0
 20
-33.5
 30
0.0
 11
104.5
 21
-34.0
 31
0.0
  0
LINE
  5
3BF
330
17
100
AcDbEntity
  8
0
100
AcDbLine
 10
104.5
 20
-34.0
 30
0.0
 11
105.0
 21
-35.0
 31
0.0
  0
LINE
  5
3C0
330
17
100
AcDbEntity
  8
0
100
AcDbLine
 10
105.0
 20
-35.0
 30
0.0
 11
105.5
 21
-35.5
 31
0.0
  0
LINE
  5
3C1
330
17
100
AcDbEntity
  8
0
100
AcDbLine
 10
105.5
 20
-35.5
 30
0.0
 11
106.0
 21
-36.0
 31
0.0
  0
LINE
  5
3C2
330
17
100
AcDbEntity
  8
0
100
AcDbLine
 10
106.0
 20
-36.0
 30
0.0
 11
106.5
 21
-36.5
 31
0.0
  0
LINE
  5
3C3
330
17
100
AcDbEntity
  8
0
100
AcDbLine
 10
106.5
 20
-36.5
 30
0.0
 11
107.0
 21
-37.5
 31
0.0
  0
LINE
  5
3C4
330
17
100
AcDbEntity
  8
0
100
AcDbLine
 10
107.0
 20
-37.5
 30
0.0
 11
107.5
 21
-38.0
 31
0.0
  0
LINE
  5
3C5
330
17
100
AcDbEntity
  8
0
100
AcDbLine
 10
107.5
 20
-38.0
 30
0.0
 11
108.0
 21
-38.5
 31
0.0
  0
LINE
  5
3C6
330
17
100
AcDbEntity
  8
0
100
AcDbLine
 10
108.0
 20
-38.5
 30
0.0
 11
108.5
 21
-39.5
 31
0.0
  0
LINE
  5
3C7
330
17
100
AcDbEntity
  8
0
100
AcDbLine
 10
108.5
 20
-39.5
 30
0.0
 11
109.0
 21
-40.0
 31
0.0
  0
LINE
  5
3C8
330
17
100
AcDbEntity
  8
0
100
AcDbLine
 10
109.0
 20
-40.0
 30
0.0
 11
109.5
 21
-41.0
 31
0.0
  0
LINE
  5
3C9
330
17
100
AcDbEntity
  8
0
100
AcDbLine
 10
109.5
 20
-41.0
 30
0.0
 11
110.0
 21
-41.5
 31
0.0
  0
LINE
  5
3CA
330
17
100
AcDbEntity
  8
0
100
AcDbLine
 10
110.0
 20
-41.5
 30
0.0
 11
110.5
 21
-42.0
 31
0.0
  0
LINE
  5
3CB
330
17
100
AcDbEntity
  8
0
100
AcDbLine
 10
110.5
 20
-42.0
 30
0.0
 11
111.0
 21
-43.0
 31
0.0
  0
LINE
  5
3CC
330
17
100
AcDbEntity
  8
0
100
AcDbLine
 10
111.0
 20
-43.0
 30
0.0
 11
111.5
 21
-43.5
 31
0.0
  0
LINE
  5
3CD
330
17
100
AcDbEntity
  8
0
100
AcDbLine
 10
111.5
 20
-43.5
 30
0.0
 11
112.0
 21
-44.5
 31
0.0
  0
LINE
  5
3CE
330
17
100
AcDbEntity
  8
0
100
AcDbLine
 10
112.0
 20
-44.5
 30
0.0
 11
112.5
 21
-45.0
 31
0.0
  0
LINE
  5
3CF
330
17
100
AcDbEntity
  8
0
100
AcDbLine
 10
112.5
 20
-45.0
 30
0.0
 11
113.0
 21
-45.5
 31
0.0
  0
LINE
  5
3D0
330
17
100
AcDbEntity
  8
0
100
AcDbLine
 10
113.0
 20
-45.5
 30
0.0
 11
113.5
 21
-46.5
 31
0.0
  0
LINE
  5
3D1
330
17
100
AcDbEntity
  8
0
100
AcDbLine
 10
113.5
 20
-46.5
 30
0.0
 11
114.0
 21
-47.0
 31
0.0
  0
LINE
  5
3D2
330
17
100
AcDbEntity
  8
0
100
AcDbLine
 10
114.0
 20
-47.0
 30
0.0
 11
114.5
 21
-48.0
 31
0.0
  0
LINE
  5
3D3
330
17
100
AcDbEntity
  8
0
100
AcDbLine
 10
114.5
 20
-48.0
 30
0.0
 11
115.0
 21
-48.5
 31
0.0
  0
LINE
  5
3D4
330
17
100
AcDbEntity
  8
0
100
AcDbLine
 10
115.0
 20
-48.5
 30
0.0
 11
115.5
 21
-49.5
 31
0.0
  0
LINE
  5
3D5
330
17
100
AcDbEntity
  8
0
100
AcDbLine
 10
115.5
 20
-49.5
 30
0.0
 11
116.0
 21
-50.0
 31
0.0
  0
LINE
  5
3D6
330
17
100
AcDbEntity
  8
0
100
AcDbLine
 10
116.0
 20
-50.0
 30
0.0
 11
116.5
 21
-51.0
 31
0.0
  0
LINE
  5
3D7
330
17
100
AcDbEntity
  8
0
100
AcDbLine
 10
116.5
 20
-51.0
 30
0.0
 11
117.0
 21
-51.5
 31
0.0
  0
LINE
  5
3D8
330
17
100
AcDbEntity
  8
0
100
AcDbLine
 10
117.0
 20
-51.5
 30
0.0
 11
117.5
 21
-52.5
 31
0.0
  0
LINE
  5
3D9
330
17
100
AcDbEntity
  8
0
100
AcDbLine
 10
117.5
 20
-52.5
 30
0.0
 11
118.0
 21
-53.0
 31
0.0
  0
LINE
  5
3DA
330
17
100
AcDbEntity
  8
0
100
AcDbLine
 10
118.0
 20
-53.0
 30
0.0
 11
118.5
 21
-54.0
 31
0.0
  0
LINE
  5
3DB
330
17
100
AcDbEntity
  8
0
100
AcDbLine
 10
118.5
 20
-54.0
 30
0.0
 11
119.0
 21
-55.0
 31
0.0
  0
LINE
  5
3DC
330
17
100
AcDbEntity
  8
0
100
AcDbLine
 10
119.0
 20
-55.0
 30
0.0
 11
119.5
 21
-55.5
 31
0.0
  0
LINE
  5
3DD
330
17
100
AcDbEntity
  8
0
100
AcDbLine
 10
119.5
 20
-55.5
 30
0.0
 11
120.0
 21
-56.5
 31
0.0
  0
LINE
  5
3DE
330
17
100
AcDbEntity
  8
0
100
AcDbLine
 10
120.0
 20
-56.5
 30
0.0
 11
120.5
 21
-57.0
 31
0.0
  0
LINE
  5
3DF
330
17
100
AcDbEntity
  8
0
100
AcDbLine
 10
120.5
 20
-57.0
 30
0.0
 11
121.0
 21
-58.0
 31
0.0
  0
LINE
  5
3E0
330
17
100
AcDbEntity
  8
0
100
AcDbLine
 10
121.0
 20
-58.0
 30
0.0
 11
121.5
 21
-59.0
 31
0.0
  0
LINE
  5
3E1
330
17
100
AcDbEntity
  8
0
100
AcDbLine
 10
121.5
 20
-59.0
 30
0.0
 11
122.0
 21
-59.5
 31
0.0
  0
LINE
  5
3E2
330
17
100
AcDbEntity
  8
0
100
AcDbLine
 10
122.0
 20
-59.5
 30
0.0
 11
122.5
 21
-60.5
 31
0.0
  0
LINE
  5
3E3
330
17
100
AcDbEntity
  8
0
100
AcDbLine
 10
122.5
 20
-60.5
 30
0.0
 11
123.0
 21
-61.5
 31
0.0
  0
LINE
  5
3E4
330
17
100
AcDbEntity
  8
0
100
AcDbLine
 10
123.0
 20
-61.5
 30
0.0
 11
123.5
 21
-62.0
 31
0.0
  0
LINE
  5
3E5
330
17
100
AcDbEntity
  8
0
100
AcDbLine
 10
123.5
 20
-62.0
 30
0.0
 11
124.0
 21
-63.0
 31
0.0
  0
LINE
  5
3E6
330
17
100
AcDbEntity
  8
0
100
AcDbLine
 10
124.0
 20
-63.0
 30
0.0
 11
124.5
 21
-64.0
 31
0.0
  0
LINE
  5
3E7
330
17
100
AcDbEntity
  8
0
100
AcDbLine
 10
124.5
 20
-64.0
 30
0.0
 11
125.0
 21
-65.0
 31
0.0
  0
LINE
  5
3E8
330
17
100
AcDbEntity
  8
0
100
AcDbLine
 10
125.0
 20
-65.0
 30
0.0
 11
125.5
 21
-65.5
 31
0.0
  0
LINE
  5
3E9
330
17
100
AcDbEntity
  8
0
100
AcDbLine
 10
125.5
 20
-65.5
 30
0.0
 11
126.0
 21
-66.5
 31
0.0
  0
LINE
  5
3EA
330
17
100
AcDbEntity
  8
0
100
AcDbLine
 10
126.0
 20
-66.5
 30
0.0
 11
126.5
 21
-67.5
 31
0.0
  0
LINE
  5
3EB
330
17
100
AcDbEntity
  8
0
100
AcDbLine
 10
126.5
 20
-67.5
 30
0.0
 11
127.0
 21
-68.5
 31
0.0
  0
LINE
  5
3EC
330
17
100
AcDbEntity
  8
0
100
AcDbLine
 10
127.0
 20
-68.5
 30
0.0
 11
127.5
 21
-69.5
 31
0.0
  0
LINE
  5
3ED
330
17
100
AcDbEntity
  8
0
100
AcDbLine
 10
127.5
 20
-69.5
 30
0.0
 11
128.0
 21
-70.5
 31
0.0
  0
LINE
  5
3EE
330
17
100
AcDbEntity
  8
0
100
AcDbLine
 10
128.0
 20
-70.5
 30
0.0
 11
128.5
 21
-71.0
 31
0.0
  0
LINE
  5
3EF
330
17
100
AcDbEntity
  8
0
100
AcDbLine
 10
128.5
 20
-71.0
 30
0.0
 11
129.0
 21
-72.0
 31
0.0
  0
LINE
  5
3F0
330
17
100
AcDbEntity
  8
0
100
AcDbLine
 10
129.0
 20
-72.0
 30
0.0
 11
129.5
 21
-73.0
 31
0.0
  0
LINE
  5
3F1
330
17
100
AcDbEntity
  8
0
100
AcDbLine
 10
129.5
 20
-73.0
 30
0.0
 11
130.0
 21
-74.0
 31
0.0
  0
LINE
  5
3F2
330
17
100
AcDbEntity
  8
0
100
AcDbLine
 10
130.0
 20
-74.0
 30
0.0
 11
130.5
 21
-75.0
 31
0.0
  0
LINE
  5
3F3
330
17
100
AcDbEntity
  8
0
100
AcDbLine
 10
130.5
 20
-75.0
 30
0.0
 11
131.0
 21
-76.0
 31
0.0
  0
LINE
  5
3F4
330
17
100
AcDbEntity
  8
0
100
AcDbLine
 10
131.0
 20
-76.0
 30
0.0
 11
131.5
 21
-77.0
 31
0.0
  0
LINE
  5
3F5
330
17
100
AcDbEntity
  8
0
100
AcDbLine
 10
131.5
 20
-77.0
 30
0.0
 11
132.0
 21
-78.0
 31
0.0
  0
LINE
  5
3F6
330
17
100
AcDbEntity
  8
0
100
AcDbLine
 10
132.0
 20
-78.0
 30
0.0
 11
132.5
 21
-79.0
 31
0.0
  0
LINE
  5
3F7
330
17
100
AcDbEntity
  8
0
100
AcDbLine
 10
132.5
 20
-79.0
 30
0.0
 11
133.0
 21
-80.0
 31
0.0
  0
LINE
  5
3F8
330
17
100
AcDbEntity
  8
0
100
AcDbLine
 10
133.0
 20
-80.0
 30
0.0
 11
133.5
 21
-81.0
 31
0.0
  0
LINE
  5
3F9
330
17
100
AcDbEntity
  8
0
100
AcDbLine
 10
133.5
 20
-81.0
 30
0.0
 11
134.0
 21
-82.5
 31
0.0
  0
LINE
  5
3FA
330
17
100
AcDbEntity
  8
0
100
AcDbLine
 10
134.0
 20
-82.5
 30
0.0
 11
134.5
 21
-83.5
 31
0.0
  0
LINE
  5
3FB
330
17
100
AcDbEntity
  8
0
100
AcDbLine
 10
134.5
 20
-83.5
 30
0.0
 11
135.0
 21
-84.5
 31
0.0
  0
LINE
  5
3FC
330
17
100
AcDbEntity
  8
0
100
AcDbLine
 10
135.0
 20
-84.5
 30
0.0
 11
135.5
 21
-85.5
 31
0.0
  0
LINE
  5
3FD
330
17
100
AcDbEntity
  8
0
100
AcDbLine
 10
135.5
 20
-85.5
 30
0.0
 11
136.0
 21
-86.5
 31
0.0
  0
LINE
  5
3FE
330
17
100
AcDbEntity
  8
0
100
AcDbLine
 10
136.0
 20
-86.5
 30
0.0
 11
136.5
 21
-88.0
 31
0.0
  0
LINE
  5
3FF
330
17
100
AcDbEntity
  8
0
100
AcDbLine
 10
136.5
 20
-88.0
 30
0.0
 11
137.0
 21
-89.0
 31
0.0
  0
LINE
  5
400
330
17
100
AcDbEntity
  8
0
100
AcDbLine
 10
137.0
 20
-89.0
 30
0.0
 11
137.5
 21
-90.0
 31
0.0
  0
LINE
  5
401
330
17
100
AcDbEntity
  8
0
100
AcDbLine
 10
137.5
 20
-90.0
 30
0.0
 11
138.0
 21
-91.5
 31
0.0
  0
LINE
  5
402
330
17
100
AcDbEntity
  8
0
100
AcDbLine
 10
138.0
 20
-91.5
 30
0.0
 11
138.5
 21
-92.5
 31
0.0
  0
LINE
  5
403
330
17
100
AcDbEntity
  8
0
100
AcDbLine
 10
138.5
 20
-92.5
 30
0.0
 11
139.0
 21
-94.0
 31
0.0
  0
LINE
  5
404
330
17
100
AcDbEntity
  8
0
100
AcDbLine
 10
139.0
 20
-94.0
 30
0.0
 11
139.5
 21
-95.0
 31
0.0
  0
LINE
  5
405
330
17
100
AcDbEntity
  8
0
100
AcDbLine
 10
139.5
 20
-95.0
 30
0.0
 11
140.0
 21
-96.5
 31
0.0
  0
LINE
  5
406
330
17
100
AcDbEntity
  8
0
100
AcDbLine
 10
140.0
 20
-96.5
 30
0.0
 11
140.5
 21
-97.5
 31
0.0
  0
LINE
  5
407
330
17
100
AcDbEntity
  8
0
100
AcDbLine
 10
140.5
 20
-97.5
 30
0.0
 11
141.0
 21
-99.0
 31
0.0
  0
LINE
  5
408
330
17
100
AcDbEntity
  8
0
100
AcDbLine
 10
141.0
 20
-99.0
 30
0.0
 11
141.5
 21
-100.0
 31
0.0
  0
LINE
  5
409
330
17
100
AcDbEntity
  8
0
100
AcDbLine
 10
141.5
 20
-100.0
 30
0.0
 11
142.0
 21
-101.5
 31
0.0
  0
LINE
  5
40A
330
17
100
AcDbEntity
  8
0
100
AcDbLine
 10
142.0
 20
-101.5
 30
0.0
 11
142.5
 21
-103.0
 31
0.0
  0
LINE
  5
40B
330
17
100
AcDbEntity
  8
0
100
AcDbLine
 10
142.5
 20
-103.0
 30
0.0
 11
143.0
 21
-104.5
 31
0.0
  0
LINE
  5
40C
330
17
100
AcDbEntity
  8
0
100
AcDbLine
 10
143.0
 20
-104.5
 30
0.0
 11
143.5
 21
-105.5
 31
0.0
  0
LINE
  5
40D
330
17
100
AcDbEntity
  8
0
100
AcDbLine
 10
143.5
 20
-105.5
 30
0.0
 11
144.0
 21
-107.0
 31
0.0
  0
LINE
  5
40E
330
17
100
AcDbEntity
  8
0
100
AcDbLine
 10
144.0
 20
-107.0
 30
0.0
 11
144.5
 21
-108.5
 31
0.0
  0
LINE
  5
40F
330
17
100
AcDbEntity
  8
0
100
AcDbLine
 10
144.5
 20
-108.5
 30
0.0
 11
145.0
 21
-110.0
 31
0.0
  0
LINE
  5
410
330
17
100
AcDbEntity
  8
0
100
AcDbLine
 10
145.0
 20
-110.0
 30
0.0
 11
145.5
 21
-111.5
 31
0.0
  0
LINE
  5
411
330
17
100
AcDbEntity
  8
0
100
AcDbLine
 10
145.5
 20
-111.5
 30
0.0
 11
146.0
 21
-113.5
 31
0.0
  0
LINE
  5
412
330
17
100
AcDbEntity
  8
0
100
AcDbLine
 10
146.0
 20
-113.5
 30
0.0
 11
146.5
 21
-115.0
 31
0.0
  0
LINE
  5
413
330
17
100
AcDbEntity
  8
0
100
AcDbLine
 10
146.5
 20
-115.0
 30
0.0
 11
147.0
 21
-116.5
 31
0.0
  0
LINE
  5
414
330
17
100
AcDbEntity
  8
0
100
AcDbLine
 10
147.0
 20
-116.5
 30
0.0
 11
147.5
 21
-118.5
 31
0.0
  0
LINE
  5
415
330
17
100
AcDbEntity
  8
0
100
AcDbLine
 10
147.5
 20
-118.5
 30
0.0
 11
148.0
 21
-120.0
 31
0.0
  0
LINE
  5
416
330
17
100
AcDbEntity
  8
0
100
AcDbLine
 10
148.0
 20
-120.0
 30
0.0
 11
148.5
 21
-122.0
 31
0.0
  0
LINE
  5
417
330
17
100
AcDbEntity
  8
0
100
AcDbLine
 10
148.5
 20
-122.0
 30
0.0
 11
149.0
 21
-123.5
 31
0.0
  0
LINE
  5
418
330
17
100
AcDbEntity
  8
0
100
AcDbLine
 10
149.0
 20
-123.5
 30
0.0
 11
149.5
 21
-125.5
 31
0.0
  0
LINE
  5
419
330
17
100
AcDbEntity
  8
0
100
AcDbLine
 10
149.5
 20
-125.5
 30
0.0
 11
150.0
 21
-127.5
 31
0.0
  0
LINE
  5
41A
330
17
100
AcDbEntity
  8
0
100
AcDbLine
 10
150.0
 20
-127.5
 30
0.0
 11
150.5
 21
-129.5
 31
0.0
  0
LINE
  5
41B
330
17
100
AcDbEntity
  8
0
100
AcDbLine
 10
150.5
 20
-129.5
 30
0.0
 11
151.0
 21
-131.5
 31
0.0
  0
LINE
  5
41C
330
17
100
AcDbEntity
  8
0
100
AcDbLine
 10
151.0
 20
-131.5
 30
0.0
 11
151.5
 21
-134.0
 31
0.0
  0
LINE
  5
41D
330
17
100
AcDbEntity
  8
0
100
AcDbLine
 10
151.5
 20
-134.0
 30
0.0
 11
152.0
 21
-136.5
 31
0.0
  0
LINE
  5
41E
330
17
100
AcDbEntity
  8
0
100
AcDbLine
 10
152.0
 20
-136.5
 30
0.0
 11
152.5
 21
-138.5
 31
0.0
  0
LINE
  5
41F
330
17
100
AcDbEntity
  8
0
100
AcDbLine
 10
152.5
 20
-138.5
 30
0.0
 11
153.0
 21
-141.0
 31
0.0
  0
LINE
  5
420
330
17
100
AcDbEntity
  8
0
100
AcDbLine
 10
153.0
 20
-141.0
 30
0.0
 11
153.5
 21
-144.0
 31
0.0
  0
LINE
  5
421
330
17
100
AcDbEntity
  8
0
100
AcDbLine
 10
153.5
 20
-144.0
 30
0.0
 11
154.0
 21
-147.0
 31
0.0
  0
LINE
  5
422
330
17
100
AcDbEntity
  8
0
100
AcDbLine
 10
154.0
 20
-147.0
 30
0.0
 11
154.5
 21
-150.0
 31
0.0
  0
LINE
  5
423
330
17
100
AcDbEntity
  8
0
100
AcDbLine
 10
154.5
 20
-150.0
 30
0.0
 11
155.0
 21
-153.5
 31
0.0
  0
LINE
  5
424
330
17
100
AcDbEntity
  8
0
100
AcDbLine
 10
155.0
 20
-153.5
 30
0.0
 11
155.5
 21
-157.0
 31
0.0
  0
LINE
  5
425
330
17
100
AcDbEntity
  8
0
100
AcDbLine
 10
155.5
 20
-157.0
 30
0.0
 11
156.0
 21
-161.5
 31
0.0
  0
LINE
  5
426
330
17
100
AcDbEntity
  8
0
100
AcDbLine
 10
156.0
 20
-161.5
 30
0.0
 11
156.5
 21
-209.5
 31
0.0
  0
LINE
  5
427
330
17
100
AcDbEntity
  8
0
100
AcDbLine
 10
156.5
 20
-209.5
 30
0.0
 11
157.0
 21
-210.0
 31
0.0
  0
LINE
  5
428
330
17
100
AcDbEntity
  8
0
100
AcDbLine
 10
157.0
 20
-210.0
 30
0.0
 11
157.5
 21
-210.0
 31
0.0
  0
LINE
  5
429
330
17
100
AcDbEntity
  8
0
100
AcDbLine
 10
157.5
 20
-210.0
 30
0.0
 11
158.0
 21
-210.5
 31
0.0
  0
LINE
  5
42A
330
17
100
AcDbEntity
  8
0
100
AcDbLine
 10
158.0
 20
-210.5
 30
0.0
 11
158.5
 21
-210.5
 31
0.0
  0
LINE
  5
42B
330
17
100
AcDbEntity
  8
0
100
AcDbLine
 10
158.5
 20
-210.5
 30
0.0
 11
159.0
 21
-210.5
 31
0.0
  0
LINE
  5
42C
330
17
100
AcDbEntity
  8
0
100
AcDbLine
 10
159.0
 20
-210.5
 30
0.0
 11
159.5
 21
-211.0
 31
0.0
  0
LINE
  5
42D
330
17
100
AcDbEntity
  8
0
100
AcDbLine
 10
159.5
 20
-211.0
 30
0.0
 11
160.0
 21
-211.0
 31
0.0
  0
LINE
  5
42E
330
17
100
AcDbEntity
  8
0
100
AcDbLine
 10
160.0
 20
-211.0
 30
0.0
 11
160.5
 21
-211.0
 31
0.0
  0
LINE
  5
42F
330
17
100
AcDbEntity
  8
0
100
AcDbLine
 10
160.5
 20
-211.0
 30
0.0
 11
161.0
 21
-211.5
 31
0.0
  0
LINE
  5
430
330
17
100
AcDbEntity
  8
0
100
AcDbLine
 10
161.0
 20
-211.5
 30
0.0
 11
161.5
 21
-211.5
 31
0.0
  0
LINE
  5
431
330
17
100
AcDbEntity
  8
0
100
AcDbLine
 10
161.5
 20
-211.5
 30
0.0
 11
162.0
 21
-211.5
 31
0.0
  0
LINE
  5
432
330
17
100
AcDbEntity
  8
0
100
AcDbLine
 10
162.0
 20
-211.5
 30
0.0
 11
162.5
 21
-212.0
 31
0.0
  0
LINE
  5
433
330
17
100
AcDbEntity
  8
0
100
AcDbLine
 10
162.5
 20
-212.0
 30
0.0
 11
163.0
 21
-212.0
 31
0.0
  0
LINE
  5
434
330
17
100
AcDbEntity
  8
0
100
AcDbLine
 10
163.0
 20
-212.0
 30
0.0
 11
163.5
 21
-212.0
 31
0.0
  0
LINE
  5
435
330
17
100
AcDbEntity
  8
0
100
AcDbLine
 10
163.5
 20
-212.0
 30
0.0
 11
164.0
 21
-212.5
 31
0.0
  0
LINE
  5
436
330
17
100
AcDbEntity
  8
0
100
AcDbLine
 10
164.0
 20
-212.5
 30
0.0
 11
164.5
 21
-212.5
 31
0.0
  0
LINE
  5
437
330
17
100
AcDbEntity
  8
0
100
AcDbLine
 10
164.5
 20
-212.5
 30
0.0
 11
165.0
 21
-212.5
 31
0.0
  0
LINE
  5
438
330
17
100
AcDbEntity
  8
0
100
AcDbLine
 10
165.0
 20
-212.5
 30
0.0
 11
165.5
 21
-213.0
 31
0.0
  0
LINE
  5
439
330
17
100
AcDbEntity
  8
0
100
AcDbLine
 10
165.5
 20
-213.0
 30
0.0
 11
166.0
 21
-213.0
 31
0.0
  0
LINE
  5
43A
330
17
100
AcDbEntity
  8
0
100
AcDbLine
 10
166.0
 20
-213.0
 30
0.0
 11
166.5
 21
-213.0
 31
0.0
  0
LINE
  5
43B
330
17
100
AcDbEntity
  8
0
100
AcDbLine
 10
166.5
 20
-213.0
 30
0.0
 11
167.0
 21
-213.5
 31
0.0
  0
LINE
  5
43C
330
17
100
AcDbEntity
  8
0
100
AcDbLine
 10
167.0
 20
-213.5
 30
0.0
 11
167.5
 21
-213.5
 31
0.0
  0
LINE
  5
43D
330
17
100
AcDbEntity
  8
0
100
AcDbLine
 10
167.5
 20
-213.5
 30
0.0
 11
168.0
 21
-213.5
 31
0.0
  0
LINE
  5
43E
330
17
100
AcDbEntity
  8
0
100
AcDbLine
 10
168.0
 20
-213.5
 30
0.0
 11
168.5
 21
-214.0
 31
0.0
  0
LINE
  5
43F
330
17
100
AcDbEntity
  8
0
100
AcDbLine
 10
168.5
 20
-214.0
 30
0.0
 11
169.0
 21
-214.0
 31
0.0
  0
LINE
  5
440
330
17
100
AcDbEntity
  8
0
100
AcDbLine
 10
169.0
 20
-214.0
 30
0.0
 11
169.5
 21
-214.0
 31
0.0
  0
LINE
  5
441
330
17
100
AcDbEntity
  8
0
100
AcDbLine
 10
169.5
 20
-214.0
 30
0.0
 11
170.0
 21
-214.5
 31
0.0
  0
LINE
  5
442
330
17
100
AcDbEntity
  8
0
100
AcDbLine
 10
170.0
 20
-214.5
 30
0.0
 11
170.5
 21
-214.5
 31
0.0
  0
LINE
  5
443
330
17
100
AcDbEntity
  8
0
100
AcDbLine
 10
170.5
 20
-214.5
 30
0.0
 11
171.0
 21
-214.5
 31
0.0
  0
LINE
  5
444
330
17
100
AcDbEntity
  8
0
100
AcDbLine
 10
171.0
 20
-214.5
 30
0.0
 11
171.5
 21
-214.5
 31
0.0
  0
LINE
  5
445
330
17
100
AcDbEntity
  8
0
100
AcDbLine
 10
171.5
 20
-214.5
 30
0.0
 11
172.0
 21
-215.0
 31
0.0
  0
LINE
  5
446
330
17
100
AcDbEntity
  8
0
100
AcDbLine
 10
172.0
 20
-215.0
 30
0.0
 11
172.5
 21
-215.0
 31
0.0
  0
LINE
  5
447
330
17
100
AcDbEntity
  8
0
100
AcDbLine
 10
172.5
 20
-215.0
 30
0.0
 11
173.0
 21
-215.0
 31
0.0
  0
LINE
  5
448
330
17
100
AcDbEntity
  8
0
100
AcDbLine
 10
173.0
 20
-215.0
 30
0.0
 11
173.5
 21
-215.5
 31
0.0
  0
LINE
  5
449
330
17
100
AcDbEntity
  8
0
100
AcDbLine
 10
173.5
 20
-215.5
 30
0.0
 11
174.0
 21
-215.5
 31
0.0
  0
LINE
  5
44A
330
17
100
AcDbEntity
  8
0
100
AcDbLine
 10
174.0
 20
-215.5
 30
0.0
 11
174.5
 21
-215.5
 31
0.0
  0
LINE
  5
44B
330
17
100
AcDbEntity
  8
0
100
AcDbLine
 10
174.5
 20
-215.5
 30
0.0
 11
175.0
 21
-216.0
 31
0.0
  0
LINE
  5
44C
330
17
100
AcDbEntity
  8
0
100
AcDbLine
 10
175.0
 20
-216.0
 30
0.0
 11
175.5
 21
-216.0
 31
0.0
  0
LINE
  5
44D
330
17
100
AcDbEntity
  8
0
100
AcDbLine
 10
175.5
 20
-216.0
 30
0.0
 11
176.0
 21
-216.0
 31
0.0
  0
LINE
  5
44E
330
17
100
AcDbEntity
  8
0
100
AcDbLine
 10
176.0
 20
-216.0
 30
0.0
 11
176.5
 21
-216.0
 31
0.0
  0
LINE
  5
44F
330
17
100
AcDbEntity
  8
0
100
AcDbLine
 10
176.5
 20
-216.0
 30
0.0
 11
177.0
 21
-216.5
 31
0.0
  0
LINE
  5
450
330
17
100
AcDbEntity
  8
0
100
AcDbLine
 10
177.0
 20
-216.5
 30
0.0
 11
177.5
 21
-216.5
 31
0.0
  0
LINE
  5
451
330
17
100
AcDbEntity
  8
0
100
AcDbLine
 10
177.5
 20
-216.5
 30
0.0
 11
178.0
 21
-216.5
 31
0.0
  0
LINE
  5
452
330
17
100
AcDbEntity
  8
0
100
AcDbLine
 10
178.0
 20
-216.5
 30
0.0
 11
178.5
 21
-217.0
 31
0.0
  0
LINE
  5
453
330
17
100
AcDbEntity
  8
0
100
AcDbLine
 10
178.5
 20
-217.0
 30
0.0
 11
179.0
 21
-217.0
 31
0.0
  0
LINE
  5
454
330
17
100
AcDbEntity
  8
0
100
AcDbLine
 10
179.0
 20
-217.0
 30
0.0
 11
179.5
 21
-217.0
 31
0.0
  0
LINE
  5
455
330
17
100
AcDbEntity
  8
0
100
AcDbLine
 10
179.5
 20
-217.0
 30
0.0
 11
180.0
 21
-217.0
 31
0.0
  0
LINE
  5
456
330
17
100
AcDbEntity
  8
0
100
AcDbLine
 10
180.0
 20
-217.0
 30
0.0
 11
180.5
 21
-217.5
 31
0.0
  0
LINE
  5
457
330
17
100
AcDbEntity
  8
0
100
AcDbLine
 10
180.5
 20
-217.5
 30
0.0
 11
181.0
 21
-217.5
 31
0.0
  0
LINE
  5
458
330
17
100
AcDbEntity
  8
0
100
AcDbLine
 10
181.0
 20
-217.5
 30
0.0
 11
181.5
 21
-217.5
 31
0.0
  0
LINE
  5
459
330
17
100
AcDbEntity
  8
0
100
AcDbLine
 10
181.5
 20
-217.5
 30
0.0
 11
182.0
 21
-217.5
 31
0.0
  0
LINE
  5
45A
330
17
100
AcDbEntity
  8
0
100
AcDbLine
 10
182.0
 20
-217.5
 30
0.0
 11
182.5
 21
-218.0
 31
0.0
  0
LINE
  5
45B
330
17
100
AcDbEntity
  8
0
100
AcDbLine
 10
182.5
 20
-218.0
 30
0.0
 11
183.0
 21
-218.0
 31
0.0
  0
LINE
  5
45C
330
17
100
AcDbEntity
  8
0
100
AcDbLine
 10
183.0
 20
-218.0
 30
0.0
 11
183.5
 21
-218.0
 31
0.0
  0
LINE
  5
45D
330
17
100
AcDbEntity
  8
0
100
AcDbLine
 10
183.5
 20
-218.0
 30
0.0
 11
184.0
 21
-218.5
 31
0.0
  0
LINE
  5
45E
330
17
100
AcDbEntity
  8
0
100
AcDbLine
 10
184.0
 20
-218.5
 30
0.0
 11
184.5
 21
-218.5
 31
0.0
  0
LINE
  5
45F
330
17
100
AcDbEntity
  8
0
100
AcDbLine
 10
184.5
 20
-218.5
 30
0.0
 11
185.0
 21
-218.5
 31
0.0
  0
LINE
  5
460
330
17
100
AcDbEntity
  8
0
100
AcDbLine
 10
185.0
 20
-218.5
 30
0.0
 11
185.5
 21
-218.5
 31
0.0
  0
LINE
  5
461
330
17
100
AcDbEntity
  8
0
100
AcDbLine
 10
185.5
 20
-218.5
 30
0.0
 11
186.0
 21
-219.0
 31
0.0
  0
LINE
  5
462
330
17
100
AcDbEntity
  8
0
100
AcDbLine
 10
186.0
 20
-219.0
 30
0.0
 11
186.5
 21
-219.0
 31
0.0
  0
LINE
  5
463
330
17
100
AcDbEntity
  8
0
100
AcDbLine
 10
186.5
 20
-219.0
 30
0.0
 11
187.0
 21
-219.0
 31
0.0
  0
LINE
  5
464
330
17
100
AcDbEntity
  8
0
100
AcDbLine
 10
187.0
 20
-219.0
 30
0.0
 11
187.5
 21
-219.0
 31
0.0
  0
LINE
  5
465
330
17
100
AcDbEntity
  8
0
100
AcDbLine
 10
187.5
 20
-219.0
 30
0.0
 11
188.0
 21
-219.5
 31
0.0
  0
LINE
  5
466
330
17
100
AcDbEntity
  8
0
100
AcDbLine
 10
188.0
 20
-219.5
 30
0.0
 11
188.5
 21
-219.5
 31
0.0
  0
LINE
  5
467
330
17
100
AcDbEntity
  8
0
100
AcDbLine
 10
188.5
 20
-219.5
 30
0.0
 11
189.0
 21
-219.5
 31
0.0
  0
LINE
  5
468
330
17
100
AcDbEntity
  8
0
100
AcDbLine
 10
189.0
 20
-219.5
 30
0.0
 11
189.5
 21
-219.5
 31
0.0
  0
LINE
  5
469
330
17
100
AcDbEntity
  8
0
100
AcDbLine
 10
189.5
 20
-219.5
 30
0.0
 11
190.0
 21
-219.5
 31
0.0
  0
LINE
  5
46A
330
17
100
AcDbEntity
  8
0
100
AcDbLine
 10
190.0
 20
-219.5
 30
0.0
 11
190.5
 21
-220.0
 31
0.0
  0
LINE
  5
46B
330
17
100
AcDbEntity
  8
0
100
AcDbLine
 10
190.5
 20
-220.0
 30
0.0
 11
191.0
 21
-220.0
 31
0.0
  0
LINE
  5
46C
330
17
100
AcDbEntity
  8
0
100
AcDbLine
 10
191.0
 20
-220.0
 30
0.0
 11
191.5
 21
-220.0
 31
0.0
  0
LINE
  5
46D
330
17
100
AcDbEntity
  8
0
100
AcDbLine
 10
191.5
 20
-220.0
 30
0.0
 11
192.0
 21
-220.0
 31
0.0
  0
LINE
  5
46E
330
17
100
AcDbEntity
  8
0
100
AcDbLine
 10
192.0
 20
-220.0
 30
0.0
 11
192.5
 21
-220.5
 31
0.0
  0
LINE
  5
46F
330
17
100
AcDbEntity
  8
0
100
AcDbLine
 10
192.5
 20
-220.5
 30
0.0
 11
193.0
 21
-220.5
 31
0.0
  0
LINE
  5
470
330
17
100
AcDbEntity
  8
0
100
AcDbLine
 10
193.0
 20
-220.5
 30
0.0
 11
193.5
 21
-220.5
 31
0.0
  0
LINE
  5
471
330
17
100
AcDbEntity
  8
0
100
AcDbLine
 10
193.5
 20
-220.5
 30
0.0
 11
194.0
 21
-220.5
 31
0.0
  0
LINE
  5
472
330
17
100
AcDbEntity
  8
0
100
AcDbLine
 10
194.0
 20
-220.5
 30
0.0
 11
194.5
 21
-221.0
 31
0.0
  0
LINE
  5
473
330
17
100
AcDbEntity
  8
0
100
AcDbLine
 10
194.5
 20
-221.0
 30
0.0
 11
195.0
 21
-221.0
 31
0.0
  0
LINE
  5
474
330
17
100
AcDbEntity
  8
0
100
AcDbLine
 10
195.0
 20
-221.0
 30
0.0
 11
195.5
 21
-221.0
 31
0.0
  0
LINE
  5
475
330
17
100
AcDbEntity
  8
0
100
AcDbLine
 10
195.5
 20
-221.0
 30
0.0
 11
196.0
 21
-221.0
 31
0.0
  0
LINE
  5
476
330
17
100
AcDbEntity
  8
0
100
AcDbLine
 10
196.0
 20
-221.0
 30
0.0
 11
196.5
 21
-221.0
 31
0.0
  0
LINE
  5
477
330
17
100
AcDbEntity
  8
0
100
AcDbLine
 10
196.5
 20
-221.0
 30
0.0
 11
197.0
 21
-221.5
 31
0.0
  0
LINE
  5
478
330
17
100
AcDbEntity
  8
0
100
AcDbLine
 10
197.0
 20
-221.5
 30
0.0
 11
197.5
 21
-221.5
 31
0.0
  0
LINE
  5
479
330
17
100
AcDbEntity
  8
0
100
AcDbLine
 10
197.5
 20
-221.5
 30
0.0
 11
198.0
 21
-221.5
 31
0.0
  0
LINE
  5
47A
330
17
100
AcDbEntity
  8
0
100
AcDbLine
 10
198.0
 20
-221.5
 30
0.0
 11
198.5
 21
-221.5
 31
0.0
  0
LINE
  5
47B
330
17
100
AcDbEntity
  8
0
100
AcDbLine
 10
198.5
 20
-221.5
 30
0.0
 11
199.0
 21
-221.5
 31
0.0
  0
LINE
  5
47C
330
17
100
AcDbEntity
  8
0
100
AcDbLine
 10
199.0
 20
-221.5
 30
0.0
 11
199.5
 21
-222.0
 31
0.0
  0
LINE
  5
47D
330
17
100
AcDbEntity
  8
0
100
AcDbLine
 10
199.5
 20
-222.0
 30
0.0
 11
200.0
 21
-222.0
 31
0.0
  0
LINE
  5
47E
330
17
100
AcDbEntity
  8
0
100
AcDbLine
 10
200.0
 20
-222.0
 30
0.0
 11
200.5
 21
-222.0
 31
0.0
  0
LINE
  5
47F
330
17
100
AcDbEntity
  8
0
100
AcDbLine
 10
200.5
 20
-222.0
 30
0.0
 11
201.0
 21
-222.0
 31
0.0
  0
LINE
  5
480
330
17
100
AcDbEntity
  8
0
100
AcDbLine
 10
201.0
 20
-222.0
 30
0.0
 11
201.5
 21
-222.0
 31
0.0
  0
LINE
  5
481
330
17
100
AcDbEntity
  8
0
100
AcDbLine
 10
201.5
 20
-222.0
 30
0.0
 11
202.0
 21
-222.5
 31
0.0
  0
LINE
  5
482
330
17
100
AcDbEntity
  8
0
100
AcDbLine
 10
202.0
 20
-222.5
 30
0.0
 11
202.5
 21
-222.5
 31
0.0
  0
LINE
  5
483
330
17
100
AcDbEntity
  8
0
100
AcDbLine
 10
202.5
 20
-222.5
 30
0.0
 11
203.0
 21
-222.5
 31
0.0
  0
LINE
  5
484
330
17
100
AcDbEntity
  8
0
100
AcDbLine
 10
203.0
 20
-222.5
 30
0.0
 11
203.5
 21
-222.5
 31
0.0
  0
LINE
  5
485
330
17
100
AcDbEntity
  8
0
100
AcDbLine
 10
203.5
 20
-222.5
 30
0.0
 11
204.0
 21
-222.5
 31
0.0
  0
LINE
  5
486
330
17
100
AcDbEntity
  8
0
100
AcDbLine
 10
204.0
 20
-222.5
 30
0.0
 11
204.5
 21
-223.0
 31
0.0
  0
LINE
  5
487
330
17
100
AcDbEntity
  8
0
100
AcDbLine
 10
204.5
 20
-223.0
 30
0.0
 11
205.0
 21
-223.0
 31
0.0
  0
LINE
  5
488
330
17
100
AcDbEntity
  8
0
100
AcDbLine
 10
205.0
 20
-223.0
 30
0.0
 11
205.5
 21
-223.0
 31
0.0
  0
LINE
  5
489
330
17
100
AcDbEntity
  8
0
100
AcDbLine
 10
205.5
 20
-223.0
 30
0.0
 11
206.0
 21
-223.0
 31
0.0
  0
LINE
  5
48A
330
17
100
AcDbEntity
  8
0
100
AcDbLine
 10
206.0
 20
-223.0
 30
0.0
 11
206.5
 21
-223.0
 31
0.0
  0
LINE
  5
48B
330
17
100
AcDbEntity
  8
0
100
AcDbLine
 10
206.5
 20
-223.0
 30
0.0
 11
207.0
 21
-223.0
 31
0.0
  0
LINE
  5
48C
330
17
100
AcDbEntity
  8
0
100
AcDbLine
 10
207.0
 20
-223.0
 30
0.0
 11
207.5
 21
-223.5
 31
0.0
  0
LINE
  5
48D
330
17
100
AcDbEntity
  8
0
100
AcDbLine
 10
207.5
 20
-223.5
 30
0.0
 11
208.0
 21
-223.5
 31
0.0
  0
LINE
  5
48E
330
17
100
AcDbEntity
  8
0
100
AcDbLine
 10
208.0
 20
-223.5
 30
0.0
 11
208.5
 21
-223.5
 31
0.0
  0
LINE
  5
48F
330
17
100
AcDbEntity
  8
0
100
AcDbLine
 10
208.5
 20
-223.5
 30
0.0
 11
209.0
 21
-223.5
 31
0.0
  0
LINE
  5
490
330
17
100
AcDbEntity
  8
0
100
AcDbLine
 10
209.0
 20
-223.5
 30
0.0
 11
209.5
 21
-223.5
 31
0.0
  0
LINE
  5
491
330
17
100
AcDbEntity
  8
0
100
AcDbLine
 10
209.5
 20
-223.5
 30
0.0
 11
210.0
 21
-224.0
 31
0.0
  0
LINE
  5
492
330
17
100
AcDbEntity
  8
0
100
AcDbLine
 10
210.0
 20
-224.0
 30
0.0
 11
210.5
 21
-224.0
 31
0.0
  0
LINE
  5
493
330
17
100
AcDbEntity
  8
0
100
AcDbLine
 10
210.5
 20
-224.0
 30
0.0
 11
211.0
 21
-224.0
 31
0.0
  0
LINE
  5
494
330
17
100
AcDbEntity
  8
0
100
AcDbLine
 10
211.0
 20
-224.0
 30
0.0
 11
211.5
 21
-224.0
 31
0.0
  0
LINE
  5
495
330
17
100
AcDbEntity
  8
0
100
AcDbLine
 10
211.5
 20
-224.0
 30
0.0
 11
212.0
 21
-224.0
 31
0.0
  0
LINE
  5
496
330
17
100
AcDbEntity
  8
0
100
AcDbLine
 10
212.0
 20
-224.0
 30
0.0
 11
212.5
 21
-224.0
 31
0.0
  0
LINE
  5
497
330
17
100
AcDbEntity
  8
0
100
AcDbLine
 10
212.5
 20
-224.0
 30
0.0
 11
213.0
 21
-224.0
 31
0.0
  0
LINE
  5
498
330
17
100
AcDbEntity
  8
0
100
AcDbLine
 10
213.0
 20
-224.0
 30
0.0
 11
213.5
 21
-224.5
 31
0.0
  0
LINE
  5
499
330
17
100
AcDbEntity
  8
0
100
AcDbLine
 10
213.5
 20
-224.5
 30
0.0
 11
214.0
 21
-224.5
 31
0.0
  0
LINE
  5
49A
330
17
100
AcDbEntity
  8
0
100
AcDbLine
 10
214.0
 20
-224.5
 30
0.0
 11
214.5
 21
-224.5
 31
0.0
  0
LINE
  5
49B
330
17
100
AcDbEntity
  8
0
100
AcDbLine
 10
214.5
 20
-224.5
 30
0.0
 11
215.0
 21
-224.5
 31
0.0
  0
LINE
  5
49C
330
17
100
AcDbEntity
  8
0
100
AcDbLine
 10
215.0
 20
-224.5
 30
0.0
 11
215.5
 21
-224.5
 31
0.0
  0
LINE
  5
49D
330
17
100
AcDbEntity
  8
0
100
AcDbLine
 10
215.5
 20
-224.5
 30
0.0
 11
216.0
 21
-224.5
 31
0.0
  0
LINE
  5
49E
330
17
100
AcDbEntity
  8
0
100
AcDbLine
 10
216.0
 20
-224.5
 30
0.0
 11
216.5
 21
-225.0
 31
0.0
  0
LINE
  5
49F
330
17
100
AcDbEntity
  8
0
100
AcDbLine
 10
216.5
 20
-225.0
 30
0.0
 11
217.0
 21
-225.0
 31
0.0
  0
LINE
  5
4A0
330
17
100
AcDbEntity
  8
0
100
AcDbLine
 10
217.0
 20
-225.0
 30
0.0
 11
217.5
 21
-225.0
 31
0.0
  0
LINE
  5
4A1
330
17
100
AcDbEntity
  8
0
100
AcDbLine
 10
217.5
 20
-225.0
 30
0.0
 11
218.0
 21
-225.0
 31
0.0
  0
LINE
  5
4A2
330
17
100
AcDbEntity
  8
0
100
AcDbLine
 10
218.0
 20
-225.0
 30
0.0
 11
218.5
 21
-225.0
 31
0.0
  0
LINE
  5
4A3
330
17
100
AcDbEntity
  8
0
100
AcDbLine
 10
218.5
 20
-225.0
 30
0.0
 11
219.0
 21
-225.0
 31
0.0
  0
LINE
  5
4A4
330
17
100
AcDbEntity
  8
0
100
AcDbLine
 10
219.0
 20
-225.0
 30
0.0
 11
219.5
 21
-225.0
 31
0.0
  0
LINE
  5
4A5
330
17
100
AcDbEntity
  8
0
100
AcDbLine
 10
219.5
 20
-225.0
 30
0.0
 11
220.0
 21
-225.0
 31
0.0
  0
LINE
  5
4A6
330
17
100
AcDbEntity
  8
0
100
AcDbLine
 10
220.0
 20
-225.0
 30
0.0
 11
220.5
 21
-225.5
 31
0.0
  0
LINE
  5
4A7
330
17
100
AcDbEntity
  8
0
100
AcDbLine
 10
220.5
 20
-225.5
 30
0.0
 11
221.0
 21
-225.5
 31
0.0
  0
LINE
  5
4A8
330
17
100
AcDbEntity
  8
0
100
AcDbLine
 10
221.0
 20
-225.5
 30
0.0
 11
221.5
 21
-225.5
 31
0.0
  0
LINE
  5
4A9
330
17
100
AcDbEntity
  8
0
100
AcDbLine
 10
221.5
 20
-225.5
 30
0.0
 11
222.0
 21
-225.5
 31
0.0
  0
LINE
  5
4AA
330
17
100
AcDbEntity
  8
0
100
AcDbLine
 10
222.0
 20
-225.5
 30
0.0
 11
222.5
 21
-225.5
 31
0.0
  0
LINE
  5
4AB
330
17
100
AcDbEntity
  8
0
100
AcDbLine
 10
222.5
 20
-225.5
 30
0.0
 11
223.0
 21
-225.5
 31
0.0
  0
LINE
  5
4AC
330
17
100
AcDbEntity
  8
0
100
AcDbLine
 10
223.0
 20
-225.5
 30
0.0
 11
223.5
 21
-225.5
 31
0.0
  0
LINE
  5
4AD
330
17
100
AcDbEntity
  8
0
100
AcDbLine
 10
223.5
 20
-225.5
 30
0.0
 11
224.0
 21
-225.5
 31
0.0
  0
LINE
  5
4AE
330
17
100
AcDbEntity
  8
0
100
AcDbLine
 10
224.0
 20
-225.5
 30
0.0
 11
224.5
 21
-226.0
 31
0.0
  0
LINE
  5
4AF
330
17
100
AcDbEntity
  8
0
100
AcDbLine
 10
224.5
 20
-226.0
 30
0.0
 11
225.0
 21
-226.0
 31
0.0
  0
LINE
  5
4B0
330
17
100
AcDbEntity
  8
0
100
AcDbLine
 10
225.0
 20
-226.0
 30
0.0
 11
225.5
 21
-226.0
 31
0.0
  0
LINE
  5
4B1
330
17
100
AcDbEntity
  8
0
100
AcDbLine
 10
225.5
 20
-226.0
 30
0.0
 11
226.0
 21
-226.0
 31
0.0
  0
LINE
  5
4B2
330
17
100
AcDbEntity
  8
0
100
AcDbLine
 10
226.0
 20
-226.0
 30
0.0
 11
226.5
 21
-226.0
 31
0.0
  0
LINE
  5
4B3
330
17
100
AcDbEntity
  8
0
100
AcDbLine
 10
226.5
 20
-226.0
 30
0.0
 11
227.0
 21
-226.0
 31
0.0
  0
LINE
  5
4B4
330
17
100
AcDbEntity
  8
0
100
AcDbLine
 10
227.0
 20
-226.0
 30
0.0
 11
227.5
 21
-226.0
 31
0.0
  0
LINE
  5
4B5
330
17
100
AcDbEntity
  8
0
100
AcDbLine
 10
227.5
 20
-226.0
 30
0.0
 11
228.0
 21
-226.0
 31
0.0
  0
LINE
  5
4B6
330
17
100
AcDbEntity
  8
0
100
AcDbLine
 10
228.0
 20
-226.0
 30
0.0
 11
228.5
 21
-226.0
 31
0.0
  0
LINE
  5
4B7
330
17
100
AcDbEntity
  8
0
100
AcDbLine
 10
228.5
 20
-226.0
 30
0.0
 11
229.0
 21
-226.5
 31
0.0
  0
LINE
  5
4B8
330
17
100
AcDbEntity
  8
0
100
AcDbLine
 10
229.0
 20
-226.5
 30
0.0
 11
229.5
 21
-226.5
 31
0.0
  0
LINE
  5
4B9
330
17
100
AcDbEntity
  8
0
100
AcDbLine
 10
229.5
 20
-226.5
 30
0.0
 11
230.0
 21
-226.5
 31
0.0
  0
LINE
  5
4BA
330
17
100
AcDbEntity
  8
0
100
AcDbLine
 10
230.0
 20
-226.5
 30
0.0
 11
230.5
 21
-226.5
 31
0.0
  0
LINE
  5
4BB
330
17
100
AcDbEntity
  8
0
100
AcDbLine
 10
230.5
 20
-226.5
 30
0.0
 11
231.0
 21
-226.5
 31
0.0
  0
LINE
  5
4BC
330
17
100
AcDbEntity
  8
0
100
AcDbLine
 10
231.0
 20
-226.5
 30
0.0
 11
231.5
 21
-226.5
 31
0.0
  0
LINE
  5
4BD
330
17
100
AcDbEntity
  8
0
100
AcDbLine
 10
231.5
 20
-226.5
 30
0.0
 11
232.0
 21
-226.5
 31
0.0
  0
LINE
  5
4BE
330
17
100
AcDbEntity
  8
0
100
AcDbLine
 10
232.0
 20
-226.5
 30
0.0
 11
232.5
 21
-226.5
 31
0.0
  0
LINE
  5
4BF
330
17
100
AcDbEntity
  8
0
100
AcDbLine
 10
232.5
 20
-226.5
 30
0.0
 11
233.0
 21
-226.5
 31
0.0
  0
LINE
  5
4C0
330
17
100
AcDbEntity
  8
0
100
AcDbLine
 10
233.0
 20
-226.5
 30
0.0
 11
233.5
 21
-226.5
 31
0.0
  0
LINE
  5
4C1
330
17
100
AcDbEntity
  8
0
100
AcDbLine
 10
233.5
 20
-226.5
 30
0.0
 11
234.0
 21
-226.5
 31
0.0
  0
LINE
  5
4C2
330
17
100
AcDbEntity
  8
0
100
AcDbLine
 10
234.0
 20
-226.5
 30
0.0
 11
234.5
 21
-227.0
 31
0.0
  0
LINE
  5
4C3
330
17
100
AcDbEntity
  8
0
100
AcDbLine
 10
234.5
 20
-227.0
 30
0.0
 11
235.0
 21
-227.0
 31
0.0
  0
LINE
  5
4C4
330
17
100
AcDbEntity
  8
0
100
AcDbLine
 10
235.0
 20
-227.0
 30
0.0
 11
235.5
 21
-227.0
 31
0.0
  0
LINE
  5
4C5
330
17
100
AcDbEntity
  8
0
100
AcDbLine
 10
235.5
 20
-227.0
 30
0.0
 11
236.0
 21
-227.0
 31
0.0
  0
LINE
  5
4C6
330
17
100
AcDbEntity
  8
0
100
AcDbLine
 10
236.0
 20
-227.0
 30
0.0
 11
236.5
 21
-227.0
 31
0.0
  0
LINE
  5
4C7
330
17
100
AcDbEntity
  8
0
100
AcDbLine
 10
236.5
 20
-227.0
 30
0.0
 11
237.0
 21
-227.0
 31
0.0
  0
LINE
  5
4C8
330
17
100
AcDbEntity
  8
0
100
AcDbLine
 10
237.0
 20
-227.0
 30
0.0
 11
237.5
 21
-227.0
 31
0.0
  0
LINE
  5
4C9
330
17
100
AcDbEntity
  8
0
100
AcDbLine
 10
237.5
 20
-227.0
 30
0.0
 11
238.0
 21
-227.0
 31
0.0
  0
LINE
  5
4CA
330
17
100
AcDbEntity
  8
0
100
AcDbLine
 10
238.0
 20
-227.0
 30
0.0
 11
238.5
 21
-227.0
 31
0.0
  0
LINE
  5
4CB
330
17
100
AcDbEntity
  8
0
100
AcDbLine
 10
238.5
 20
-227.0
 30
0.0
 11
239.0
 21
-227.0
 31
0.0
  0
LINE
  5
4CC
330
17
100
AcDbEntity
  8
0
100
AcDbLine
 10
239.0
 20
-227.0
 30
0.0
 11
239.5
 21
-227.0
 31
0.0
  0
LINE
  5
4CD
330
17
100
AcDbEntity
  8
0
100
AcDbLine
 10
239.5
 20
-227.0
 30
0.0
 11
240.0
 21
-227.0
 31
0.0
  0
LINE
  5
4CE
330
17
100
AcDbEntity
  8
0
100
AcDbLine
 10
240.0
 20
-227.0
 30
0.0
 11
240.5
 21
-227.0
 31
0.0
  0
LINE
  5
4CF
330
17
100
AcDbEntity
  8
0
100
AcDbLine
 10
240.5
 20
-227.0
 30
0.0
 11
241.0
 21
-227.0
 31
0.0
  0
LINE
  5
4D0
330
17
100
AcDbEntity
  8
0
100
AcDbLine
 10
241.0
 20
-227.0
 30
0.0
 11
241.5
 21
-227.5
 31
0.0
  0
LINE
  5
4D1
330
17
100
AcDbEntity
  8
0
100
AcDbLine
 10
241.5
 20
-227.5
 30
0.0
 11
242.0
 21
-227.5
 31
0.0
  0
LINE
  5
4D2
330
17
100
AcDbEntity
  8
0
100
AcDbLine
 10
242.0
 20
-227.5
 30
0.0
 11
242.5
 21
-227.5
 31
0.0
  0
LINE
  5
4D3
330
17
100
AcDbEntity
  8
0
100
AcDbLine
 10
242.5
 20
-227.5
 30
0.0
 11
243.0
 21
-227.5
 31
0.0
  0
LINE
  5
4D4
330
17
100
AcDbEntity
  8
0
100
AcDbLine
 10
243.0
 20
-227.5
 30
0.0
 11
243.5
 21
-227.5
 31
0.0
  0
LINE
  5
4D5
330
17
100
AcDbEntity
  8
0
100
AcDbLine
 10
243.5
 20
-227.5
 30
0.0
 11
244.0
 21
-227.5
 31
0.0
  0
LINE
  5
4D6
330
17
100
AcDbEntity
  8
0
100
AcDbLine
 10
244.0
 20
-227.5
 30
0.0
 11
244.5
 21
-227.5
 31
0.0
  0
LINE
  5
4D7
330
17
100
AcDbEntity
  8
0
100
AcDbLine
 10
244.5
 20
-227.5
 30
0.0
 11
245.0
 21
-227.5
 31
0.0
  0
LINE
  5
4D8
330
17
100
AcDbEntity
  8
0
100
AcDbLine
 10
245.0
 20
-227.5
 30
0.0
 11
245.5
 21
-227.5
 31
0.0
  0
LINE
  5
4D9
330
17
100
AcDbEntity
  8
0
100
AcDbLine
 10
245.5
 20
-227.5
 30
0.0
 11
246.0
 21
-227.5
 31
0.0
  0
LINE
  5
4DA
330
17
100
AcDbEntity
  8
0
100
AcDbLine
 10
246.0
 20
-227.5
 30
0.0
 11
246.5
 21
-227.5
 31
0.0
  0
LINE
  5
4DB
330
17
100
AcDbEntity
  8
0
100
AcDbLine
 10
246.5
 20
-227.5
 30
0.0
 11
247.0
 21
-227.5
 31
0.0
  0
LINE
  5
4DC
330
17
100
AcDbEntity
  8
0
100
AcDbLine
 10
247.0
 20
-227.5
 30
0.0
 11
247.5
 21
-227.5
 31
0.0
  0
LINE
  5
4DD
330
17
100
AcDbEntity
  8
0
100
AcDbLine
 10
247.5
 20
-227.5
 30
0.0
 11
248.0
 21
-227.5
 31
0.0
  0
LINE
  5
4DE
330
17
100
AcDbEntity
  8
0
100
AcDbLine
 10
248.0
 20
-227.5
 30
0.0
 11
248.5
 21
-227.5
 31
0.0
  0
LINE
  5
4DF
330
17
100
AcDbEntity
  8
0
100
AcDbLine
 10
248.5
 20
-227.5
 30
0.0
 11
249.0
 21
-227.5
 31
0.0
  0
LINE
  5
4E0
330
17
100
AcDbEntity
  8
0
100
AcDbLine
 10
249.0
 20
-227.5
 30
0.0
 11
249.5
 21
-227.5
 31
0.0
  0
LINE
  5
4E1
330
17
100
AcDbEntity
  8
0
100
AcDbLine
 10
249.5
 20
-227.5
 30
0.0
 11
250.0
 21
-227.5
 31
0.0
  0
LINE
  5
4E2
330
17
100
AcDbEntity
  8
0
100
AcDbLine
 10
250.0
 20
-227.5
 30
0.0
 11
250.5
 21
-227.5
 31
0.0
  0
LINE
  5
4E3
330
17
100
AcDbEntity
  8
0
100
AcDbLine
 10
250.5
 20
-227.5
 30
0.0
 11
251.0
 21
-227.5
 31
0.0
  0
LINE
  5
4E4
330
17
100
AcDbEntity
  8
0
100
AcDbLine
 10
251.0
 20
-227.5
 30
0.0
 11
251.5
 21
-227.5
 31
0.0
  0
LINE
  5
4E5
330
17
100
AcDbEntity
  8
0
100
AcDbLine
 10
251.5
 20
-227.5
 30
0.0
 11
252.0
 21
-227.5
 31
0.0
  0
LINE
  5
4E6
330
17
100
AcDbEntity
  8
0
100
AcDbLine
 10
252.0
 20
-227.5
 30
0.0
 11
252.5
 21
-227.5
 31
0.0
  0
LINE
  5
4E7
330
17
100
AcDbEntity
  8
0
100
AcDbLine
 10
252.5
 20
-227.5
 30
0.0
 11
253.0
 21
-227.5
 31
0.0
  0
LINE
  5
4E8
330
17
100
AcDbEntity
  8
0
100
AcDbLine
 10
253.0
 20
-227.5
 30
0.0
 11
253.5
 21
-227.5
 31
0.0
  0
LINE
  5
4E9
330
17
100
AcDbEntity
  8
0
100
AcDbLine
 10
253.5
 20
-227.5
 30
0.0
 11
254.0
 21
-227.5
 31
0.0
  0
LINE
  5
4EA
330
17
100
AcDbEntity
  8
0
100
AcDbLine
 10
254.0
 20
-227.5
 30
0.0
 11
254.5
 21
-228.0
 31
0.0
  0
LINE
  5
4EB
330
17
100
AcDbEntity
  8
0
100
AcDbLine
 10
254.5
 20
-228.0
 30
0.0
 11
255.0
 21
-228.0
 31
0.0
  0
LINE
  5
4EC
330
17
100
AcDbEntity
  8
0
100
AcDbLine
 10
255.0
 20
-228.0
 30
0.0
 11
255.5
 21
-228.0
 31
0.0
  0
LINE
  5
4ED
330
17
100
AcDbEntity
  8
0
100
AcDbLine
 10
255.5
 20
-228.0
 30
0.0
 11
256.0
 21
-228.0
 31
0.0
  0
LINE
  5
4EE
330
17
100
AcDbEntity
  8
0
100
AcDbLine
 10
256.0
 20
-228.0
 30
0.0
 11
256.5
 21
-228.0
 31
0.0
  0
LINE
  5
4EF
330
17
100
AcDbEntity
  8
0
100
AcDbLine
 10
256.5
 20
-228.0
 30
0.0
 11
257.0
 21
-228.0
 31
0.0
  0
LINE
  5
4F0
330
17
100
AcDbEntity
  8
0
100
AcDbLine
 10
257.0
 20
-228.0
 30
0.0
 11
257.5
 21
-228.0
 31
0.0
  0
LINE
  5
4F1
330
17
100
AcDbEntity
  8
0
100
AcDbLine
 10
257.5
 20
-228.0
 30
0.0
 11
258.0
 21
-228.0
 31
0.0
  0
LINE
  5
4F2
330
17
100
AcDbEntity
  8
0
100
AcDbLine
 10
258.0
 20
-228.0
 30
0.0
 11
258.5
 21
-228.0
 31
0.0
  0
LINE
  5
4F3
330
17
100
AcDbEntity
  8
0
100
AcDbLine
 10
258.5
 20
-228.0
 30
0.0
 11
259.0
 21
-228.0
 31
0.0
  0
LINE
  5
4F4
330
17
100
AcDbEntity
  8
0
100
AcDbLine
 10
259.0
 20
-228.0
 30
0.0
 11
259.5
 21
-228.0
 31
0.0
  0
LINE
  5
4F5
330
17
100
AcDbEntity
  8
0
100
AcDbLine
 10
259.5
 20
-228.0
 30
0.0
 11
260.0
 21
-228.0
 31
0.0
  0
LINE
  5
4F6
330
17
100
AcDbEntity
  8
0
100
AcDbLine
 10
260.0
 20
-228.0
 30
0.0
 11
260.5
 21
-228.0
 31
0.0
  0
LINE
  5
4F7
330
17
100
AcDbEntity
  8
0
100
AcDbLine
 10
260.5
 20
-228.0
 30
0.0
 11
261.0
 21
-228.0
 31
0.0
  0
LINE
  5
4F8
330
17
100
AcDbEntity
  8
0
100
AcDbLine
 10
261.0
 20
-228.0
 30
0.0
 11
261.5
 21
-228.0
 31
0.0
  0
LINE
  5
4F9
330
17
100
AcDbEntity
  8
0
100
AcDbLine
 10
261.5
 20
-228.0
 30
0.0
 11
262.0
 21
-228.0
 31
0.0
  0
LINE
  5
4FA
330
17
100
AcDbEntity
  8
0
100
AcDbLine
 10
262.0
 20
-228.0
 30
0.0
 11
262.5
 21
-228.0
 31
0.0
  0
LINE
  5
4FB
330
17
100
AcDbEntity
  8
0
100
AcDbLine
 10
262.5
 20
-228.0
 30
0.0
 11
263.0
 21
-228.0
 31
0.0
  0
LINE
  5
4FC
330
17
100
AcDbEntity
  8
0
100
AcDbLine
 10
263.0
 20
-228.0
 30
0.0
 11
263.5
 21
-228.0
 31
0.0
  0
LINE
  5
4FD
330
17
100
AcDbEntity
  8
0
100
AcDbLine
 10
263.5
 20
-228.0
 30
0.0
 11
264.0
 21
-227.5
 31
0.0
  0
LINE
  5
4FE
330
17
100
AcDbEntity
  8
0
100
AcDbLine
 10
264.0
 20
-227.5
 30
0.0
 11
264.5
 21
-227.5
 31
0.0
  0
LINE
  5
4FF
330
17
100
AcDbEntity
  8
0
100
AcDbLine
 10
264.5
 20
-227.5
 30
0.0
 11
265.0
 21
-227.5
 31
0.0
  0
LINE
  5
500
330
17
100
AcDbEntity
  8
0
100
AcDbLine
 10
265.0
 20
-227.5
 30
0.0
 11
265.5
 21
-227.5
 31
0.0
  0
LINE
  5
501
330
17
100
AcDbEntity
  8
0
100
AcDbLine
 10
265.5
 20
-227.5
 30
0.0
 11
266.0
 21
-227.5
 31
0.0
  0
LINE
  5
502
330
17
100
AcDbEntity
  8
0
100
AcDbLine
 10
266.0
 20
-227.5
 30
0.0
 11
266.5
 21
-227.5
 31
0.0
  0
LINE
  5
503
330
17
100
AcDbEntity
  8
0
100
AcDbLine
 10
266.5
 20
-227.5
 30
0.0
 11
267.0
 21
-227.5
 31
0.0
  0
LINE
  5
504
330
17
100
AcDbEntity
  8
0
100
AcDbLine
 10
267.0
 20
-227.5
 30
0.0
 11
267.5
 21
-227.5
 31
0.0
  0
LINE
  5
505
330
17
100
AcDbEntity
  8
0
100
AcDbLine
 10
267.5
 20
-227.5
 30
0.0
 11
268.0
 21
-227.5
 31
0.0
  0
LINE
  5
506
330
17
100
AcDbEntity
  8
0
100
AcDbLine
 10
268.0
 20
-227.5
 30
0.0
 11
268.5
 21
-227.5
 31
0.0
  0
LINE
  5
507
330
17
100
AcDbEntity
  8
0
100
AcDbLine
 10
268.5
 20
-227.5
 30
0.0
 11
269.0
 21
-227.5
 31
0.0
  0
LINE
  5
508
330
17
100
AcDbEntity
  8
0
100
AcDbLine
 10
269.0
 20
-227.5
 30
0.0
 11
269.5
 21
-227.5
 31
0.0
  0
LINE
  5
509
330
17
100
AcDbEntity
  8
0
100
AcDbLine
 10
269.5
 20
-227.5
 30
0.0
 11
270.0
 21
-227.5
 31
0.0
  0
LINE
  5
50A
330
17
100
AcDbEntity
  8
0
100
AcDbLine
 10
270.0
 20
-227.5
 30
0.0
 11
270.5
 21
-227.5
 31
0.0
  0
LINE
  5
50B
330
17
100
AcDbEntity
  8
0
100
AcDbLine
 10
270.5
 20
-227.5
 30
0.0
 11
271.0
 21
-227.5
 31
0.0
  0
LINE
  5
50C
330
17
100
AcDbEntity
  8
0
100
AcDbLine
 10
271.0
 20
-227.5
 30
0.0
 11
271.5
 21
-227.5
 31
0.0
  0
LINE
  5
50D
330
17
100
AcDbEntity
  8
0
100
AcDbLine
 10
271.5
 20
-227.5
 30
0.0
 11
272.0
 21
-227.5
 31
0.0
  0
LINE
  5
50E
330
17
100
AcDbEntity
  8
0
100
AcDbLine
 10
272.0
 20
-227.5
 30
0.0
 11
272.5
 21
-227.5
 31
0.0
  0
LINE
  5
50F
330
17
100
AcDbEntity
  8
0
100
AcDbLine
 10
272.5
 20
-227.5
 30
0.0
 11
273.0
 21
-227.5
 31
0.0
  0
LINE
  5
510
330
17
100
AcDbEntity
  8
0
100
AcDbLine
 10
273.0
 20
-227.5
 30
0.0
 11
273.5
 21
-227.5
 31
0.0
  0
LINE
  5
511
330
17
100
AcDbEntity
  8
0
100
AcDbLine
 10
273.5
 20
-227.5
 30
0.0
 11
274.0
 21
-227.5
 31
0.0
  0
LINE
  5
512
330
17
100
AcDbEntity
  8
0
100
AcDbLine
 10
274.0
 20
-227.5
 30
0.0
 11
274.5
 21
-227.5
 31
0.0
  0
LINE
  5
513
330
17
100
AcDbEntity
  8
0
100
AcDbLine
 10
274.5
 20
-227.5
 30
0.0
 11
275.0
 21
-227.5
 31
0.0
  0
LINE
  5
514
330
17
100
AcDbEntity
  8
0
100
AcDbLine
 10
275.0
 20
-227.5
 30
0.0
 11
275.5
 21
-227.5
 31
0.0
  0
LINE
  5
515
330
17
100
AcDbEntity
  8
0
100
AcDbLine
 10
275.5
 20
-227.5
 30
0.0
 11
276.0
 21
-227.5
 31
0.0
  0
LINE
  5
516
330
17
100
AcDbEntity
  8
0
100
AcDbLine
 10
276.0
 20
-227.5
 30
0.0
 11
276.5
 21
-227.5
 31
0.0
  0
LINE
  5
517
330
17
100
AcDbEntity
  8
0
100
AcDbLine
 10
276.5
 20
-227.5
 30
0.0
 11
277.0
 21
-227.5
 31
0.0
  0
LINE
  5
518
330
17
100
AcDbEntity
  8
0
100
AcDbLine
 10
277.0
 20
-227.5
 30
0.0
 11
277.5
 21
-227.0
 31
0.0
  0
LINE
  5
519
330
17
100
AcDbEntity
  8
0
100
AcDbLine
 10
277.5
 20
-227.0
 30
0.0
 11
278.0
 21
-227.0
 31
0.0
  0
LINE
  5
51A
330
17
100
AcDbEntity
  8
0
100
AcDbLine
 10
278.0
 20
-227.0
 30
0.0
 11
278.5
 21
-227.0
 31
0.0
  0
LINE
  5
51B
330
17
100
AcDbEntity
  8
0
100
AcDbLine
 10
278.5
 20
-227.0
 30
0.0
 11
279.0
 21
-227.0
 31
0.0
  0
LINE
  5
51C
330
17
100
AcDbEntity
  8
0
100
AcDbLine
 10
279.0
 20
-227.0
 30
0.0
 11
279.5
 21
-227.0
 31
0.0
  0
LINE
  5
51D
330
17
100
AcDbEntity
  8
0
100
AcDbLine
 10
279.5
 20
-227.0
 30
0.0
 11
280.0
 21
-227.0
 31
0.0
  0
LINE
  5
51E
330
17
100
AcDbEntity
  8
0
100
AcDbLine
 10
280.0
 20
-227.0
 30
0.0
 11
280.5
 21
-227.0
 31
0.0
  0
LINE
  5
51F
330
17
100
AcDbEntity
  8
0
100
AcDbLine
 10
280.5
 20
-227.0
 30
0.0
 11
281.0
 21
-227.0
 31
0.0
  0
LINE
  5
520
330
17
100
AcDbEntity
  8
0
100
AcDbLine
 10
281.0
 20
-227.0
 30
0.0
 11
281.5
 21
-227.0
 31
0.0
  0
LINE
  5
521
330
17
100
AcDbEntity
  8
0
100
AcDbLine
 10
281.5
 20
-227.0
 30
0.0
 11
282.0
 21
-227.0
 31
0.0
  0
LINE
  5
522
330
17
100
AcDbEntity
  8
0
100
AcDbLine
 10
282.0
 20
-227.0
 30
0.0
 11
282.5
 21
-227.0
 31
0.0
  0
LINE
  5
523
330
17
100
AcDbEntity
  8
0
100
AcDbLine
 10
282.5
 20
-227.0
 30
0.0
 11
283.0
 21
-227.0
 31
0.0
  0
LINE
  5
524
330
17
100
AcDbEntity
  8
0
100
AcDbLine
 10
283.0
 20
-227.0
 30
0.0
 11
283.5
 21
-227.0
 31
0.0
  0
LINE
  5
525
330
17
100
AcDbEntity
  8
0
100
AcDbLine
 10
283.5
 20
-227.0
 30
0.0
 11
284.0
 21
-226.5
 31
0.0
  0
LINE
  5
526
330
17
100
AcDbEntity
  8
0
100
AcDbLine
 10
284.0
 20
-226.5
 30
0.0
 11
284.5
 21
-226.5
 31
0.0
  0
LINE
  5
527
330
17
100
AcDbEntity
  8
0
100
AcDbLine
 10
284.5
 20
-226.5
 30
0.0
 11
285.0
 21
-226.5
 31
0.0
  0
LINE
  5
528
330
17
100
AcDbEntity
  8
0
100
AcDbLine
 10
285.0
 20
-226.5
 30
0.0
 11
285.5
 21
-226.5
 31
0.0
  0
LINE
  5
529
330
17
100
AcDbEntity
  8
0
100
AcDbLine
 10
285.5
 20
-226.5
 30
0.0
 11
286.0
 21
-226.5
 31
0.0
  0
LINE
  5
52A
330
17
100
AcDbEntity
  8
0
100
AcDbLine
 10
286.0
 20
-226.5
 30
0.0
 11
286.5
 21
-226.5
 31
0.0
  0
LINE
  5
52B
330
17
100
AcDbEntity
  8
0
100
AcDbLine
 10
286.5
 20
-226.5
 30
0.0
 11
287.0
 21
-226.5
 31
0.0
  0
LINE
  5
52C
330
17
100
AcDbEntity
  8
0
100
AcDbLine
 10
287.0
 20
-226.5
 30
0.0
 11
287.5
 21
-226.5
 31
0.0
  0
LINE
  5
52D
330
17
100
AcDbEntity
  8
0
100
AcDbLine
 10
287.5
 20
-226.5
 30
0.0
 11
288.0
 21
-226.5
 31
0.0
  0
LINE
  5
52E
330
17
100
AcDbEntity
  8
0
100
AcDbLine
 10
288.0
 20
-226.5
 30
0.0
 11
288.5
 21
-226.5
 31
0.0
  0
LINE
  5
52F
330
17
100
AcDbEntity
  8
0
100
AcDbLine
 10
288.5
 20
-226.5
 30
0.0
 11
289.0
 21
-226.5
 31
0.0
  0
LINE
  5
530
330
17
100
AcDbEntity
  8
0
100
AcDbLine
 10
289.0
 20
-226.5
 30
0.0
 11
289.5
 21
-226.0
 31
0.0
  0
LINE
  5
531
330
17
100
AcDbEntity
  8
0
100
AcDbLine
 10
289.5
 20
-226.0
 30
0.0
 11
290.0
 21
-226.0
 31
0.0
  0
LINE
  5
532
330
17
100
AcDbEntity
  8
0
100
AcDbLine
 10
290.0
 20
-226.0
 30
0.0
 11
290.5
 21
-226.0
 31
0.0
  0
LINE
  5
533
330
17
100
AcDbEntity
  8
0
100
AcDbLine
 10
290.5
 20
-226.0
 30
0.0
 11
291.0
 21
-226.0
 31
0.0
  0
LINE
  5
534
330
17
100
AcDbEntity
  8
0
100
AcDbLine
 10
291.0
 20
-226.0
 30
0.0
 11
291.5
 21
-226.0
 31
0.0
  0
LINE
  5
535
330
17
100
AcDbEntity
  8
0
100
AcDbLine
 10
291.5
 20
-226.0
 30
0.0
 11
292.0
 21
-226.0
 31
0.0
  0
LINE
  5
536
330
17
100
AcDbEntity
  8
0
100
AcDbLine
 10
292.0
 20
-226.0
 30
0.0
 11
292.5
 21
-226.0
 31
0.0
  0
LINE
  5
537
330
17
100
AcDbEntity
  8
0
100
AcDbLine
 10
292.5
 20
-226.0
 30
0.0
 11
293.0
 21
-226.0
 31
0.0
  0
LINE
  5
538
330
17
100
AcDbEntity
  8
0
100
AcDbLine
 10
293.0
 20
-226.0
 30
0.0
 11
293.5
 21
-226.0
 31
0.0
  0
LINE
  5
539
330
17
100
AcDbEntity
  8
0
100
AcDbLine
 10
293.5
 20
-226.0
 30
0.0
 11
294.0
 21
-225.5
 31
0.0
  0
LINE
  5
53A
330
17
100
AcDbEntity
  8
0
100
AcDbLine
 10
294.0
 20
-225.5
 30
0.0
 11
294.5
 21
-225.5
 31
0.0
  0
LINE
  5
53B
330
17
100
AcDbEntity
  8
0
100
AcDbLine
 10
294.5
 20
-225.5
 30
0.0
 11
295.0
 21
-225.5
 31
0.0
  0
LINE
  5
53C
330
17
100
AcDbEntity
  8
0
100
AcDbLine
 10
295.0
 20
-225.5
 30
0.0
 11
295.5
 21
-225.5
 31
0.0
  0
LINE
  5
53D
330
17
100
AcDbEntity
  8
0
100
AcDbLine
 10
295.5
 20
-225.5
 30
0.0
 11
296.0
 21
-225.5
 31
0.0
  0
LINE
  5
53E
330
17
100
AcDbEntity
  8
0
100
AcDbLine
 10
296.0
 20
-225.5
 30
0.0
 11
296.5
 21
-225.5
 31
0.0
  0
LINE
  5
53F
330
17
100
AcDbEntity
  8
0
100
AcDbLine
 10
296.5
 20
-225.5
 30
0.0
 11
297.0
 21
-225.5
 31
0.0
  0
LINE
  5
540
330
17
100
AcDbEntity
  8
0
100
AcDbLine
 10
297.0
 20
-225.5
 30
0.0
 11
297.5
 21
-225.5
 31
0.0
  0
LINE
  5
541
330
17
100
AcDbEntity
  8
0
100
AcDbLine
 10
297.5
 20
-225.5
 30
0.0
 11
298.0
 21
-225.0
 31
0.0
  0
LINE
  5
542
330
17
100
AcDbEntity
  8
0
100
AcDbLine
 10
298.0
 20
-225.0
 30
0.0
 11
298.5
 21
-225.0
 31
0.0
  0
LINE
  5
543
330
17
100
AcDbEntity
  8
0
100
AcDbLine
 10
298.5
 20
-225.0
 30
0.0
 11
299.0
 21
-225.0
 31
0.0
  0
LINE
  5
544
330
17
100
AcDbEntity
  8
0
100
AcDbLine
 10
299.0
 20
-225.0
 30
0.0
 11
299.5
 21
-225.0
 31
0.0
  0
LINE
  5
545
330
17
100
AcDbEntity
  8
0
100
AcDbLine
 10
299.5
 20
-225.0
 30
0.0
 11
300.0
 21
-225.0
 31
0.0
  0
LINE
  5
546
330
17
100
AcDbEntity
  8
0
100
AcDbLine
 10
300.0
 20
-225.0
 30
0.0
 11
300.5
 21
-225.0
 31
0.0
  0
LINE
  5
547
330
17
100
AcDbEntity
  8
0
100
AcDbLine
 10
300.5
 20
-225.0
 30
0.0
 11
301.0
 21
-225.0
 31
0.0
  0
LINE
  5
548
330
17
100
AcDbEntity
  8
0
100
AcDbLine
 10
301.0
 20
-225.0
 30
0.0
 11
301.5
 21
-225.0
 31
0.0
  0
LINE
  5
549
330
17
100
AcDbEntity
  8
0
100
AcDbLine
 10
301.5
 20
-225.0
 30
0.0
 11
302.0
 21
-224.5
 31
0.0
  0
LINE
  5
54A
330
17
100
AcDbEntity
  8
0
100
AcDbLine
 10
302.0
 20
-224.5
 30
0.0
 11
302.5
 21
-224.5
 31
0.0
  0
LINE
  5
54B
330
17
100
AcDbEntity
  8
0
100
AcDbLine
 10
302.5
 20
-224.5
 30
0.0
 11
303.0
 21
-224.5
 31
0.0
  0
LINE
  5
54C
330
17
100
AcDbEntity
  8
0
100
AcDbLine
 10
303.0
 20
-224.5
 30
0.0
 11
303.5
 21
-224.5
 31
0.0
  0
LINE
  5
54D
330
17
100
AcDbEntity
  8
0
100
AcDbLine
 10
303.5
 20
-224.5
 30
0.0
 11
304.0
 21
-224.5
 31
0.0
  0
LINE
  5
54E
330
17
100
AcDbEntity
  8
0
100
AcDbLine
 10
304.0
 20
-224.5
 30
0.0
 11
304.5
 21
-224.5
 31
0.0
  0
LINE
  5
54F
330
17
100
AcDbEntity
  8
0
100
AcDbLine
 10
304.5
 20
-224.5
 30
0.0
 11
305.0
 21
-224.0
 31
0.0
  0
LINE
  5
550
330
17
100
AcDbEntity
  8
0
100
AcDbLine
 10
305.0
 20
-224.0
 30
0.0
 11
305.5
 21
-224.0
 31
0.0
  0
LINE
  5
551
330
17
100
AcDbEntity
  8
0
100
AcDbLine
 10
305.5
 20
-224.0
 30
0.0
 11
306.0
 21
-224.0
 31
0.0
  0
LINE
  5
552
330
17
100
AcDbEntity
  8
0
100
AcDbLine
 10
306.0
 20
-224.0
 30
0.0
 11
306.5
 21
-224.0
 31
0.0
  0
LINE
  5
553
330
17
100
AcDbEntity
  8
0
100
AcDbLine
 10
306.5
 20
-224.0
 30
0.0
 11
307.0
 21
-224.0
 31
0.0
  0
LINE
  5
554
330
17
100
AcDbEntity
  8
0
100
AcDbLine
 10
307.0
 20
-224.0
 30
0.0
 11
307.5
 21
-224.0
 31
0.0
  0
LINE
  5
555
330
17
100
AcDbEntity
  8
0
100
AcDbLine
 10
307.5
 20
-224.0
 30
0.0
 11
308.0
 21
-224.0
 31
0.0
  0
LINE
  5
556
330
17
100
AcDbEntity
  8
0
100
AcDbLine
 10
308.0
 20
-224.0
 30
0.0
 11
308.5
 21
-223.5
 31
0.0
  0
LINE
  5
557
330
17
100
AcDbEntity
  8
0
100
AcDbLine
 10
308.5
 20
-223.5
 30
0.0
 11
309.0
 21
-223.5
 31
0.0
  0
LINE
  5
558
330
17
100
AcDbEntity
  8
0
100
AcDbLine
 10
309.0
 20
-223.5
 30
0.0
 11
309.5
 21
-223.5
 31
0.0
  0
LINE
  5
559
330
17
100
AcDbEntity
  8
0
100
AcDbLine
 10
309.5
 20
-223.5
 30
0.0
 11
310.0
 21
-223.5
 31
0.0
  0
LINE
  5
55A
330
17
100
AcDbEntity
  8
0
100
AcDbLine
 10
310.0
 20
-223.5
 30
0.0
 11
310.5
 21
-223.5
 31
0.0
  0
LINE
  5
55B
330
17
100
AcDbEntity
  8
0
100
AcDbLine
 10
310.5
 20
-223.5
 30
0.0
 11
311.0
 21
-223.5
 31
0.0
  0
LINE
  5
55C
330
17
100
AcDbEntity
  8
0
100
AcDbLine
 10
311.0
 20
-223.5
 30
0.0
 11
311.5
 21
-223.0
 31
0.0
  0
LINE
  5
55D
330
17
100
AcDbEntity
  8
0
100
AcDbLine
 10
311.5
 20
-223.0
 30
0.0
 11
312.0
 21
-223.0
 31
0.0
  0
LINE
  5
55E
330
17
100
AcDbEntity
  8
0
100
AcDbLine
 10
312.0
 20
-223.0
 30
0.0
 11
312.5
 21
-223.0
 31
0.0
  0
LINE
  5
55F
330
17
100
AcDbEntity
  8
0
100
AcDbLine
 10
312.5
 20
-223.0
 30
0.0
 11
313.0
 21
-223.0
 31
0.0
  0
LINE
  5
560
330
17
100
AcDbEntity
  8
0
100
AcDbLine
 10
313.0
 20
-223.0
 30
0.0
 11
313.5
 21
-223.0
 31
0.0
  0
LINE
  5
561
330
17
100
AcDbEntity
  8
0
100
AcDbLine
 10
313.5
 20
-223.0
 30
0.0
 11
314.0
 21
-222.5
 31
0.0
  0
LINE
  5
562
330
17
100
AcDbEntity
  8
0
100
AcDbLine
 10
314.0
 20
-222.5
 30
0.0
 11
314.5
 21
-222.5
 31
0.0
  0
LINE
  5
563
330
17
100
AcDbEntity
  8
0
100
AcDbLine
 10
314.5
 20
-222.5
 30
0.0
 11
315.0
 21
-222.5
 31
0.0
  0
LINE
  5
564
330
17
100
AcDbEntity
  8
0
100
AcDbLine
 10
315.0
 20
-222.5
 30
0.0
 11
315.5
 21
-222.5
 31
0.0
  0
LINE
  5
565
330
17
100
AcDbEntity
  8
0
100
AcDbLine
 10
315.5
 20
-222.5
 30
0.0
 11
316.0
 21
-222.5
 31
0.0
  0
LINE
  5
566
330
17
100
AcDbEntity
  8
0
100
AcDbLine
 10
316.0
 20
-222.5
 30
0.0
 11
316.5
 21
-222.0
 31
0.0
  0
LINE
  5
567
330
17
100
AcDbEntity
  8
0
100
AcDbLine
 10
316.5
 20
-222.0
 30
0.0
 11
317.0
 21
-222.0
 31
0.0
  0
LINE
  5
568
330
17
100
AcDbEntity
  8
0
100
AcDbLine
 10
317.0
 20
-222.0
 30
0.0
 11
317.5
 21
-222.0
 31
0.0
  0
LINE
  5
569
330
17
100
AcDbEntity
  8
0
100
AcDbLine
 10
317.5
 20
-222.0
 30
0.0
 11
318.0
 21
-222.0
 31
0.0
  0
LINE
  5
56A
330
17
100
AcDbEntity
  8
0
100
AcDbLine
 10
318.0
 20
-222.0
 30
0.0
 11
318.5
 21
-222.0
 31
0.0
  0
LINE
  5
56B
330
17
100
AcDbEntity
  8
0
100
AcDbLine
 10
318.5
 20
-222.0
 30
0.0
 11
319.0
 21
-221.5
 31
0.0
  0
LINE
  5
56C
330
17
100
AcDbEntity
  8
0
100
AcDbLine
 10
319.0
 20
-221.5
 30
0.0
 11
319.5
 21
-221.5
 31
0.0
  0
LINE
  5
56D
330
17
100
AcDbEntity
  8
0
100
AcDbLine
 10
319.5
 20
-221.5
 30
0.0
 11
320.0
 21
-221.5
 31
0.0
  0
LINE
  5
56E
330
17
100
AcDbEntity
  8
0
100
AcDbLine
 10
320.0
 20
-221.5
 30
0.0
 11
320.5
 21
-221.5
 31
0.0
  0
LINE
  5
56F
330
17
100
AcDbEntity
  8
0
100
AcDbLine
 10
320.5
 20
-221.5
 30
0.0
 11
321.0
 21
-221.5
 31
0.0
  0
LINE
  5
570
330
17
100
AcDbEntity
  8
0
100
AcDbLine
 10
321.0
 20
-221.5
 30
0.0
 11
321.5
 21
-221.0
 31
0.0
  0
LINE
  5
571
330
17
100
AcDbEntity
  8
0
100
AcDbLine
 10
321.5
 20
-221.0
 30
0.0
 11
322.0
 21
-221.0
 31
0.0
  0
LINE
  5
572
330
17
100
AcDbEntity
  8
0
100
AcDbLine
 10
322.0
 20
-221.0
 30
0.0
 11
322.5
 21
-221.0
 31
0.0
  0
LINE
  5
573
330
17
100
AcDbEntity
  8
0
100
AcDbLine
 10
322.5
 20
-221.0
 30
0.0
 11
323.0
 21
-221.0
 31
0.0
  0
LINE
  5
574
330
17
100
AcDbEntity
  8
0
100
AcDbLine
 10
323.0
 20
-221.0
 30
0.0
 11
323.5
 21
-221.0
 31
0.0
  0
LINE
  5
575
330
17
100
AcDbEntity
  8
0
100
AcDbLine
 10
323.5
 20
-221.0
 30
0.0
 11
324.0
 21
-220.5
 31
0.0
  0
LINE
  5
576
330
17
100
AcDbEntity
  8
0
100
AcDbLine
 10
324.0
 20
-220.5
 30
0.0
 11
324.5
 21
-220.5
 31
0.0
  0
LINE
  5
577
330
17
100
AcDbEntity
  8
0
100
AcDbLine
 10
324.5
 20
-220.5
 30
0.0
 11
325.0
 21
-220.5
 31
0.0
  0
LINE
  5
578
330
17
100
AcDbEntity
  8
0
100
AcDbLine
 10
325.0
 20
-220.5
 30
0.0
 11
325.5
 21
-220.5
 31
0.0
  0
LINE
  5
579
330
17
100
AcDbEntity
  8
0
100
AcDbLine
 10
325.5
 20
-220.5
 30
0.0
 11
326.0
 21
-220.0
 31
0.0
  0
LINE
  5
57A
330
17
100
AcDbEntity
  8
0
100
AcDbLine
 10
326.0
 20
-220.0
 30
0.0
 11
326.5
 21
-220.0
 31
0.0
  0
LINE
  5
57B
330
17
100
AcDbEntity
  8
0
100
AcDbLine
 10
326.5
 20
-220.0
 30
0.0
 11
327.0
 21
-220.0
 31
0.0
  0
LINE
  5
57C
330
17
100
AcDbEntity
  8
0
100
AcDbLine
 10
327.0
 20
-220.0
 30
0.0
 11
327.5
 21
-220.0
 31
0.0
  0
LINE
  5
57D
330
17
100
AcDbEntity
  8
0
100
AcDbLine
 10
327.5
 20
-220.0
 30
0.0
 11
328.0
 21
-220.0
 31
0.0
  0
LINE
  5
57E
330
17
100
AcDbEntity
  8
0
100
AcDbLine
 10
328.0
 20
-220.0
 30
0.0
 11
328.5
 21
-219.5
 31
0.0
  0
LINE
  5
57F
330
17
100
AcDbEntity
  8
0
100
AcDbLine
 10
328.5
 20
-219.5
 30
0.0
 11
329.0
 21
-219.5
 31
0.0
  0
LINE
  5
580
330
17
100
AcDbEntity
  8
0
100
AcDbLine
 10
329.0
 20
-219.5
 30
0.0
 11
329.5
 21
-219.5
 31
0.0
  0
LINE
  5
581
330
17
100
AcDbEntity
  8
0
100
AcDbLine
 10
329.5
 20
-219.5
 30
0.0
 11
330.0
 21
-219.5
 31
0.0
  0
LINE
  5
582
330
17
100
AcDbEntity
  8
0
100
AcDbLine
 10
330.0
 20
-219.5
 30
0.0
 11
330.5
 21
-219.0
 31
0.0
  0
LINE
  5
583
330
17
100
AcDbEntity
  8
0
100
AcDbLine
 10
330.5
 20
-219.0
 30
0.0
 11
331.0
 21
-219.0
 31
0.0
  0
LINE
  5
584
330
17
100
AcDbEntity
  8
0
100
AcDbLine
 10
331.0
 20
-219.0
 30
0.0
 11
331.5
 21
-219.0
 31
0.0
  0
LINE
  5
585
330
17
100
AcDbEntity
  8
0
100
AcDbLine
 10
331.5
 20
-219.0
 30
0.0
 11
332.0
 21
-219.0
 31
0.0
  0
LINE
  5
586
330
17
100
AcDbEntity
  8
0
100
AcDbLine
 10
332.0
 20
-219.0
 30
0.0
 11
332.5
 21
-218.5
 31
0.0
  0
LINE
  5
587
330
17
100
AcDbEntity
  8
0
100
AcDbLine
 10
332.5
 20
-218.5
 30
0.0
 11
333.0
 21
-218.5
 31
0.0
  0
LINE
  5
588
330
17
100
AcDbEntity
  8
0
100
AcDbLine
 10
333.0
 20
-218.5
 30
0.0
 11
333.5
 21
-218.5
 31
0.0
  0
LINE
  5
589
330
17
100
AcDbEntity
  8
0
100
AcDbLine
 10
333.5
 20
-218.5
 30
0.0
 11
334.0
 21
-218.5
 31
0.0
  0
LINE
  5
58A
330
17
100
AcDbEntity
  8
0
100
AcDbLine
 10
334.0
 20
-218.5
 30
0.0
 11
334.5
 21
-218.0
 31
0.0
  0
LINE
  5
58B
330
17
100
AcDbEntity
  8
0
100
AcDbLine
 10
334.5
 20
-218.0
 30
0.0
 11
335.0
 21
-218.0
 31
0.0
  0
LINE
  5
58C
330
17
100
AcDbEntity
  8
0
100
AcDbLine
 10
335.0
 20
-218.0
 30
0.0
 11
335.5
 21
-218.0
 31
0.0
  0
LINE
  5
58D
330
17
100
AcDbEntity
  8
0
100
AcDbLine
 10
335.5
 20
-218.0
 30
0.0
 11
336.0
 21
-218.0
 31
0.0
  0
LINE
  5
58E
330
17
100
AcDbEntity
  8
0
100
AcDbLine
 10
336.0
 20
-218.0
 30
0.0
 11
336.5
 21
-217.5
 31
0.0
  0
LINE
  5
58F
330
17
100
AcDbEntity
  8
0
100
AcDbLine
 10
336.5
 20
-217.5
 30
0.0
 11
337.0
 21
-217.5
 31
0.0
  0
LINE
  5
590
330
17
100
AcDbEntity
  8
0
100
AcDbLine
 10
337.0
 20
-217.5
 30
0.0
 11
337.5
 21
-217.5
 31
0.0
  0
LINE
  5
591
330
17
100
AcDbEntity
  8
0
100
AcDbLine
 10
337.5
 20
-217.5
 30
0.0
 11
338.0
 21
-217.0
 31
0.0
  0
LINE
  5
592
330
17
100
AcDbEntity
  8
0
100
AcDbLine
 10
338.0
 20
-217.0
 30
0.0
 11
338.5
 21
-217.0
 31
0.0
  0
LINE
  5
593
330
17
100
AcDbEntity
  8
0
100
AcDbLine
 10
338.5
 20
-217.0
 30
0.0
 11
339.0
 21
-217.0
 31
0.0
  0
LINE
  5
594
330
17
100
AcDbEntity
  8
0
100
AcDbLine
 10
339.0
 20
-217.0
 30
0.0
 11
339.5
 21
-217.0
 31
0.0
  0
LINE
  5
595
330
17
100
AcDbEntity
  8
0
100
AcDbLine
 10
339.5
 20
-217.0
 30
0.0
 11
340.0
 21
-216.5
 31
0.0
  0
LINE
  5
596
330
17
100
AcDbEntity
  8
0
100
AcDbLine
 10
340.0
 20
-216.5
 30
0.0
 11
340.5
 21
-216.5
 31
0.0
  0
LINE
  5
597
330
17
100
AcDbEntity
  8
0
100
AcDbLine
 10
340.5
 20
-216.5
 30
0.0
 11
341.0
 21
-216.5
 31
0.0
  0
LINE
  5
598
330
17
100
AcDbEntity
  8
0
100
AcDbLine
 10
341.0
 20
-216.5
 30
0.0
 11
341.5
 21
-216.0
 31
0.0
  0
LINE
  5
599
330
17
100
AcDbEntity
  8
0
100
AcDbLine
 10
341.5
 20
-216.0
 30
0.0
 11
342.0
 21
-216.0
 31
0.0
  0
LINE
  5
59A
330
17
100
AcDbEntity
  8
0
100
AcDbLine
 10
342.0
 20
-216.0
 30
0.0
 11
342.5
 21
-216.0
 31
0.0
  0
LINE
  5
59B
330
17
100
AcDbEntity
  8
0
100
AcDbLine
 10
342.5
 20
-216.0
 30
0.0
 11
343.0
 21
-216.0
 31
0.0
  0
LINE
  5
59C
330
17
100
AcDbEntity
  8
0
100
AcDbLine
 10
343.0
 20
-216.0
 30
0.0
 11
343.5
 21
-215.5
 31
0.0
  0
LINE
  5
59D
330
17
100
AcDbEntity
  8
0
100
AcDbLine
 10
343.5
 20
-215.5
 30
0.0
 11
344.0
 21
-215.5
 31
0.0
  0
LINE
  5
59E
330
17
100
AcDbEntity
  8
0
100
AcDbLine
 10
344.0
 20
-215.5
 30
0.0
 11
344.5
 21
-215.5
 31
0.0
  0
LINE
  5
59F
330
17
100
AcDbEntity
  8
0
100
AcDbLine
 10
344.5
 20
-215.5
 30
0.0
 11
345.0
 21
-215.0
 31
0.0
  0
LINE
  5
5A0
330
17
100
AcDbEntity
  8
0
100
AcDbLine
 10
345.0
 20
-215.0
 30
0.0
 11
345.5
 21
-215.0
 31
0.0
  0
LINE
  5
5A1
330
17
100
AcDbEntity
  8
0
100
AcDbLine
 10
345.5
 20
-215.0
 30
0.0
 11
346.0
 21
-215.0
 31
0.0
  0
LINE
  5
5A2
330
17
100
AcDbEntity
  8
0
100
AcDbLine
 10
346.0
 20
-215.0
 30
0.0
 11
346.5
 21
-215.0
 31
0.0
  0
LINE
  5
5A3
330
17
100
AcDbEntity
  8
0
100
AcDbLine
 10
346.5
 20
-215.0
 30
0.0
 11
347.0
 21
-214.5
 31
0.0
  0
LINE
  5
5A4
330
17
100
AcDbEntity
  8
0
100
AcDbLine
 10
347.0
 20
-214.5
 30
0.0
 11
347.5
 21
-214.5
 31
0.0
  0
LINE
  5
5A5
330
17
100
AcDbEntity
  8
0
100
AcDbLine
 10
347.5
 20
-214.5
 30
0.0
 11
348.0
 21
-214.5
 31
0.0
  0
LINE
  5
5A6
330
17
100
AcDbEntity
  8
0
100
AcDbLine
 10
348.0
 20
-214.5
 30
0.0
 11
348.5
 21
-214.0
 31
0.0
  0
LINE
  5
5A7
330
17
100
AcDbEntity
  8
0
100
AcDbLine
 10
348.5
 20
-214.0
 30
0.0
 11
349.0
 21
-214.0
 31
0.0
  0
LINE
  5
5A8
330
17
100
AcDbEntity
  8
0
100
AcDbLine
 10
349.0
 20
-214.0
 30
0.0
 11
349.5
 21
-214.0
 31
0.0
  0
LINE
  5
5A9
330
17
100
AcDbEntity
  8
0
100
AcDbLine
 10
349.5
 20
-214.0
 30
0.0
 11
350.0
 21
-213.5
 31
0.0
  0
LINE
  5
5AA
330
17
100
AcDbEntity
  8
0
100
AcDbLine
 10
350.0
 20
-213.5
 30
0.0
 11
350.5
 21
-213.5
 31
0.0
  0
LINE
  5
5AB
330
17
100
AcDbEntity
  8
0
100
AcDbLine
 10
350.5
 20
-213.5
 30
0.0
 11
351.0
 21
-213.5
 31
0.0
  0
LINE
  5
5AC
330
17
100
AcDbEntity
  8
0
100
AcDbLine
 10
351.0
 20
-213.5
 30
0.0
 11
351.5
 21
-213.0
 31
0.0
  0
LINE
  5
5AD
330
17
100
AcDbEntity
  8
0
100
AcDbLine
 10
351.5
 20
-213.0
 30
0.0
 11
352.0
 21
-213.0
 31
0.0
  0
LINE
  5
5AE
330
17
100
AcDbEntity
  8
0
100
AcDbLine
 10
352.0
 20
-213.0
 30
0.0
 11
352.5
 21
-213.0
 31
0.0
  0
LINE
  5
5AF
330
17
100
AcDbEntity
  8
0
100
AcDbLine
 10
352.5
 20
-213.0
 30
0.0
 11
353.0
 21
-212.5
 31
0.0
  0
LINE
  5
5B0
330
17
100
AcDbEntity
  8
0
100
AcDbLine
 10
353.0
 20
-212.5
 30
0.0
 11
353.5
 21
-212.5
 31
0.0
  0
LINE
  5
5B1
330
17
100
AcDbEntity
  8
0
100
AcDbLine
 10
353.5
 20
-212.5
 30
0.0
 11
354.0
 21
-212.5
 31
0.0
  0
LINE
  5
5B2
330
17
100
AcDbEntity
  8
0
100
AcDbLine
 10
354.0
 20
-212.5
 30
0.0
 11
354.5
 21
-212.0
 31
0.0
  0
LINE
  5
5B3
330
17
100
AcDbEntity
  8
0
100
AcDbLine
 10
354.5
 20
-212.0
 30
0.0
 11
355.0
 21
-212.0
 31
0.0
  0
LINE
  5
5B4
330
17
100
AcDbEntity
  8
0
100
AcDbLine
 10
355.0
 20
-212.0
 30
0.0
 11
355.5
 21
-212.0
 31
0.0
  0
LINE
  5
5B5
330
17
100
AcDbEntity
  8
0
100
AcDbLine
 10
355.5
 20
-212.0
 30
0.0
 11
356.0
 21
-211.5
 31
0.0
  0
LINE
  5
5B6
330
17
100
AcDbEntity
  8
0
100
AcDbLine
 10
356.0
 20
-211.5
 30
0.0
 11
356.5
 21
-211.5
 31
0.0
  0
LINE
  5
5B7
330
17
100
AcDbEntity
  8
0
100
AcDbLine
 10
356.5
 20
-211.5
 30
0.0
 11
357.0
 21
-211.5
 31
0.0
  0
LINE
  5
5B8
330
17
100
AcDbEntity
  8
0
100
AcDbLine
 10
357.0
 20
-211.5
 30
0.0
 11
357.5
 21
-211.0
 31
0.0
  0
LINE
  5
5B9
330
17
100
AcDbEntity
  8
0
100
AcDbLine
 10
357.5
 20
-211.0
 30
0.0
 11
358.0
 21
-211.0
 31
0.0
  0
LINE
  5
5BA
330
17
100
AcDbEntity
  8
0
100
AcDbLine
 10
358.0
 20
-211.0
 30
0.0
 11
358.5
 21
-211.0
 31
0.0
  0
LINE
  5
5BB
330
17
100
AcDbEntity
  8
0
100
AcDbLine
 10
358.5
 20
-211.0
 30
0.0
 11
359.0
 21
-210.5
 31
0.0
  0
LINE
  5
5BC
330
17
100
AcDbEntity
  8
0
100
AcDbLine
 10
359.0
 20
-210.5
 30
0.0
 11
359.5
 21
-210.5
 31
0.0
  0
LINE
  5
5BD
330
17
100
AcDbEntity
  8
0
100
AcDbLine
 10
359.5
 20
-210.5
 30
0.0
 11
360.0
 21
-210.5
 31
0.0
  0
LINE
  5
5BE
330
17
100
AcDbEntity
  8
0
100
AcDbLine
 10
360.0
 20
-210.5
 30
0.0
 11
360.5
 21
-210.0
 31
0.0
  0
LINE
  5
5BF
330
17
100
AcDbEntity
  8
0
100
AcDbLine
 10
360.5
 20
-210.0
 30
0.0
 11
361.0
 21
-210.0
 31
0.0
  0
LINE
  5
5C0
330
17
100
AcDbEntity
  8
0
100
AcDbLine
 10
361.0
 20
-210.0
 30
0.0
 11
361.5
 21
-210.0
 31
0.0
  0
LINE
  5
5C1
330
17
100
AcDbEntity
  8
0
100
AcDbLine
 10
361.5
 20
-210.0
 30
0.0
 11
362.0
 21
-209.5
 31
0.0
  0
LINE
  5
5C2
330
17
100
AcDbEntity
  8
0
100
AcDbLine
 10
362.0
 20
-209.5
 30
0.0
 11
362.5
 21
-209.5
 31
0.0
  0
LINE
  5
5C3
330
17
100
AcDbEntity
  8
0
100
AcDbLine
 10
362.5
 20
-209.5
 30
0.0
 11
363.0
 21
-209.0
 31
0.0
  0
LINE
  5
5C4
330
17
100
AcDbEntity
  8
0
100
AcDbLine
 10
363.0
 20
-209.0
 30
0.0
 11
363.5
 21
-209.0
 31
0.0
  0
LINE
  5
5C5
330
17
100
AcDbEntity
  8
0
100
AcDbLine
 10
363.5
 20
-209.0
 30
0.0
 11
364.0
 21
-209.0
 31
0.0
  0
LINE
  5
5C6
330
17
100
AcDbEntity
  8
0
100
AcDbLine
 10
364.0
 20
-209.0
 30
0.0
 11
364.5
 21
-208.5
 31
0.0
  0
LINE
  5
5C7
330
17
100
AcDbEntity
  8
0
100
AcDbLine
 10
364.5
 20
-208.5
 30
0.0
 11
365.0
 21
-208.5
 31
0.0
  0
LINE
  5
5C8
330
17
100
AcDbEntity
  8
0
100
AcDbLine
 10
365.0
 20
-208.5
 30
0.0
 11
365.5
 21
-208.5
 31
0.0
  0
LINE
  5
5C9
330
17
100
AcDbEntity
  8
0
100
AcDbLine
 10
365.5
 20
-208.5
 30
0.0
 11
366.0
 21
-208.0
 31
0.0
  0
LINE
  5
5CA
330
17
100
AcDbEntity
  8
0
100
AcDbLine
 10
366.0
 20
-208.0
 30
0.0
 11
366.5
 21
-208.0
 31
0.0
  0
LINE
  5
5CB
330
17
100
AcDbEntity
  8
0
100
AcDbLine
 10
366.5
 20
-208.0
 30
0.0
 11
367.0
 21
-207.5
 31
0.0
  0
LINE
  5
5CC
330
17
100
AcDbEntity
  8
0
100
AcDbLine
 10
367.0
 20
-207.5
 30
0.0
 11
367.5
 21
-207.5
 31
0.0
  0
LINE
  5
5CD
330
17
100
AcDbEntity
  8
0
100
AcDbLine
 10
367.5
 20
-207.5
 30
0.0
 11
368.0
 21
-207.5
 31
0.0
  0
LINE
  5
5CE
330
17
100
AcDbEntity
  8
0
100
AcDbLine
 10
368.0
 20
-207.5
 30
0.0
 11
368.5
 21
-207.0
 31
0.0
  0
LINE
  5
5CF
330
17
100
AcDbEntity
  8
0
100
AcDbLine
 10
368.5
 20
-207.0
 30
0.0
 11
369.0
 21
-207.0
 31
0.0
  0
LINE
  5
5D0
330
17
100
AcDbEntity
  8
0
100
AcDbLine
 10
369.0
 20
-207.0
 30
0.0
 11
369.5
 21
-206.5
 31
0.0
  0
LINE
  5
5D1
330
17
100
AcDbEntity
  8
0
100
AcDbLine
 10
369.5
 20
-206.5
 30
0.0
 11
370.0
 21
-206.5
 31
0.0
  0
LINE
  5
5D2
330
17
100
AcDbEntity
  8
0
100
AcDbLine
 10
370.0
 20
-206.5
 30
0.0
 11
370.5
 21
-206.5
 31
0.0
  0
LINE
  5
5D3
330
17
100
AcDbEntity
  8
0
100
AcDbLine
 10
370.5
 20
-206.5
 30
0.0
 11
371.0
 21
-206.0
 31
0.0
  0
LINE
  5
5D4
330
17
100
AcDbEntity
  8
0
100
AcDbLine
 10
371.0
 20
-206.0
 30
0.0
 11
371.5
 21
-206.0
 31
0.0
  0
LINE
  5
5D5
330
17
100
AcDbEntity
  8
0
100
AcDbLine
 10
371.5
 20
-206.0
 30
0.0
 11
372.0
 21
-205.5
 31
0.0
  0
LINE
  5
5D6
330
17
100
AcDbEntity
  8
0
100
AcDbLine
 10
372.0
 20
-205.5
 30
0.0
 11
372.5
 21
-205.5
 31
0.0
  0
LINE
  5
5D7
330
17
100
AcDbEntity
  8
0
100
AcDbLine
 10
372.5
 20
-205.5
 30
0.0
 11
373.0
 21
-205.5
 31
0.0
  0
LINE
  5
5D8
330
17
100
AcDbEntity
  8
0
100
AcDbLine
 10
373.0
 20
-205.5
 30
0.0
 11
373.5
 21
-205.0
 31
0.0
  0
LINE
  5
5D9
330
17
100
AcDbEntity
  8
0
100
AcDbLine
 10
373.5
 20
-205.0
 30
0.0
 11
374.0
 21
-205.0
 31
0.0
  0
LINE
  5
5DA
330
17
100
AcDbEntity
  8
0
100
AcDbLine
 10
374.0
 20
-205.0
 30
0.0
 11
374.5
 21
-204.5
 31
0.0
  0
LINE
  5
5DB
330
17
100
AcDbEntity
  8
0
100
AcDbLine
 10
374.5
 20
-204.5
 30
0.0
 11
375.0
 21
-204.5
 31
0.0
  0
LINE
  5
5DC
330
17
100
AcDbEntity
  8
0
100
AcDbLine
 10
375.0
 20
-204.5
 30
0.0
 11
375.5
 21
-204.5
 31
0.0
  0
LINE
  5
5DD
330
17
100
AcDbEntity
  8
0
100
AcDbLine
 10
375.5
 20
-204.5
 30
0.0
 11
376.0
 21
-204.0
 31
0.0
  0
LINE
  5
5DE
330
17
100
AcDbEntity
  8
0
100
AcDbLine
 10
376.0
 20
-204.0
 30
0.0
 11
376.5
 21
-204.0
 31
0.0
  0
LINE
  5
5DF
330
17
100
AcDbEntity
  8
0
100
AcDbLine
 10
376.5
 20
-204.0
 30
0.0
 11
377.0
 21
-203.5
 31
0.0
  0
LINE
  5
5E0
330
17
100
AcDbEntity
  8
0
100
AcDbLine
 10
377.0
 20
-203.5
 30
0.0
 11
377.5
 21
-203.5
 31
0.0
  0
LINE
  5
5E1
330
17
100
AcDbEntity
  8
0
100
AcDbLine
 10
377.5
 20
-203.5
 30
0.0
 11
378.0
 21
-203.0
 31
0.0
  0
LINE
  5
5E2
330
17
100
AcDbEntity
  8
0
100
AcDbLine
 10
378.0
 20
-203.0
 30
0.0
 11
378.5
 21
-203.0
 31
0.0
  0
LINE
  5
5E3
330
17
100
AcDbEntity
  8
0
100
AcDbLine
 10
378.5
 20
-203.0
 30
0.0
 11
379.0
 21
-203.0
 31
0.0
  0
LINE
  5
5E4
330
17
100
AcDbEntity
  8
0
100
AcDbLine
 10
379.0
 20
-203.0
 30
0.0
 11
379.5
 21
-202.5
 31
0.0
  0
LINE
  5
5E5
330
17
100
AcDbEntity
  8
0
100
AcDbLine
 10
379.5
 20
-202.5
 30
0.0
 11
380.0
 21
-202.5
 31
0.0
  0
LINE
  5
5E6
330
17
100
AcDbEntity
  8
0
100
AcDbLine
 10
380.0
 20
-202.5
 30
0.0
 11
380.5
 21
-202.0
 31
0.0
  0
LINE
  5
5E7
330
17
100
AcDbEntity
  8
0
100
AcDbLine
 10
380.5
 20
-202.0
 30
0.0
 11
381.0
 21
-202.0
 31
0.0
  0
LINE
  5
5E8
330
17
100
AcDbEntity
  8
0
100
AcDbLine
 10
381.0
 20
-202.0
 30
0.0
 11
381.5
 21
-201.5
 31
0.0
  0
LINE
  5
5E9
330
17
100
AcDbEntity
  8
0
100
AcDbLine
 10
381.5
 20
-201.5
 30
0.0
 11
382.0
 21
-201.5
 31
0.0
  0
LINE
  5
5EA
330
17
100
AcDbEntity
  8
0
100
AcDbLine
 10
382.0
 20
-201.5
 30
0.0
 11
382.5
 21
-201.0
 31
0.0
  0
LINE
  5
5EB
330
17
100
AcDbEntity
  8
0
100
AcDbLine
 10
382.5
 20
-201.0
 30
0.0
 11
383.0
 21
-201.0
 31
0.0
  0
LINE
  5
5EC
330
17
100
AcDbEntity
  8
0
100
AcDbLine
 10
383.0
 20
-201.0
 30
0.0
 11
383.5
 21
-201.0
 31
0.0
  0
LINE
  5
5ED
330
17
100
AcDbEntity
  8
0
100
AcDbLine
 10
383.5
 20
-201.0
 30
0.0
 11
384.0
 21
-200.5
 31
0.0
  0
LINE
  5
5EE
330
17
100
AcDbEntity
  8
0
100
AcDbLine
 10
384.0
 20
-200.5
 30
0.0
 11
384.5
 21
-200.5
 31
0.0
  0
LINE
  5
5EF
330
17
100
AcDbEntity
  8
0
100
AcDbLine
 10
384.5
 20
-200.5
 30
0.0
 11
385.0
 21
-200.0
 31
0.0
  0
LINE
  5
5F0
330
17
100
AcDbEntity
  8
0
100
AcDbLine
 10
385.0
 20
-200.0
 30
0.0
 11
385.5
 21
-200.0
 31
0.0
  0
LINE
  5
5F1
330
17
100
AcDbEntity
  8
0
100
AcDbLine
 10
385.5
 20
-200.0
 30
0.0
 11
386.0
 21
-199.5
 31
0.0
  0
LINE
  5
5F2
330
17
100
AcDbEntity
  8
0
100
AcDbLine
 10
386.0
 20
-199.5
 30
0.0
 11
386.5
 21
-199.5
 31
0.0
  0
LINE
  5
5F3
330
17
100
AcDbEntity
  8
0
100
AcDbLine
 10
386.5
 20
-199.5
 30
0.0
 11
387.0
 21
-199.0
 31
0.0
  0
LINE
  5
5F4
330
17
100
AcDbEntity
  8
0
100
AcDbLine
 10
387.0
 20
-199.0
 30
0.0
 11
387.5
 21
-199.0
 31
0.0
  0
LINE
  5
5F5
330
17
100
AcDbEntity
  8
0
100
AcDbLine
 10
387.5
 20
-199.0
 30
0.0
 11
388.0
 21
-198.5
 31
0.0
  0
LINE
  5
5F6
330
17
100
AcDbEntity
  8
0
100
AcDbLine
 10
388.0
 20
-198.5
 30
0.0
 11
388.5
 21
-198.5
 31
0.0
  0
LINE
  5
5F7
330
17
100
AcDbEntity
  8
0
100
AcDbLine
 10
388.5
 20
-198.5
 30
0.0
 11
389.0
 21
-198.0
 31
0.0
  0
LINE
  5
5F8
330
17
100
AcDbEntity
  8
0
100
AcDbLine
 10
389.0
 20
-198.0
 30
0.0
 11
389.5
 21
-198.0
 31
0.0
  0
LINE
  5
5F9
330
17
100
AcDbEntity
  8
0
100
AcDbLine
 10
389.5
 20
-198.0
 30
0.0
 11
390.0
 21
-197.5
 31
0.0
  0
LINE
  5
5FA
330
17
100
AcDbEntity
  8
0
100
AcDbLine
 10
390.0
 20
-197.5
 30
0.0
 11
390.5
 21
-197.5
 31
0.0
  0
LINE
  5
5FB
330
17
100
AcDbEntity
  8
0
100
AcDbLine
 10
390.5
 20
-197.5
 30
0.0
 11
391.0
 21
-197.0
 31
0.0
  0
LINE
  5
5FC
330
17
100
AcDbEntity
  8
0
100
AcDbLine
 10
391.0
 20
-197.0
 30
0.0
 11
391.5
 21
-197.0
 31
0.0
  0
LINE
  5
5FD
330
17
100
AcDbEntity
  8
0
100
AcDbLine
 10
391.5
 20
-197.0
 30
0.0
 11
392.0
 21
-196.5
 31
0.0
  0
LINE
  5
5FE
330
17
100
AcDbEntity
  8
0
100
AcDbLine
 10
392.0
 20
-196.5
 30
0.0
 11
392.5
 21
-196.5
 31
0.0
  0
LINE
  5
5FF
330
17
100
AcDbEntity
  8
0
100
AcDbLine
 10
392.5
 20
-196.5
 30
0.0
 11
393.0
 21
-196.0
 31
0.0
  0
LINE
  5
600
330
17
100
AcDbEntity
  8
0
100
AcDbLine
 10
393.0
 20
-196.0
 30
0.0
 11
393.5
 21
-196.0
 31
0.0
  0
LINE
  5
601
330
17
100
AcDbEntity
  8
0
100
AcDbLine
 10
393.5
 20
-196.0
 30
0.0
 11
394.0
 21
-195.5
 31
0.0
  0
LINE
  5
602
330
17
100
AcDbEntity
  8
0
100
AcDbLine
 10
394.0
 20
-195.5
 30
0.0
 11
394.5
 21
-195.5
 31
0.0
  0
LINE
  5
603
330
17
100
AcDbEntity
  8
0
100
AcDbLine
 10
394.5
 20
-195.5
 30
0.0
 11
395.0
 21
-195.0
 31
0.0
  0
LINE
  5
604
330
17
100
AcDbEntity
  8
0
100
AcDbLine
 10
395.0
 20
-195.0
 30
0.0
 11
395.5
 21
-195.0
 31
0.0
  0
LINE
  5
605
330
17
100
AcDbEntity
  8
0
100
AcDbLine
 10
395.5
 20
-195.0
 30
0.0
 11
396.0
 21
-194.5
 31
0.0
  0
LINE
  5
606
330
17
100
AcDbEntity
  8
0
100
AcDbLine
 10
396.0
 20
-194.5
 30
0.0
 11
396.5
 21
-194.5
 31
0.0
  0
LINE
  5
607
330
17
100
AcDbEntity
  8
0
100
AcDbLine
 10
396.5
 20
-194.5
 30
0.0
 11
397.0
 21
-194.0
 31
0.0
  0
LINE
  5
608
330
17
100
AcDbEntity
  8
0
100
AcDbLine
 10
397.0
 20
-194.0
 30
0.0
 11
397.5
 21
-194.0
 31
0.0
  0
LINE
  5
609
330
17
100
AcDbEntity
  8
0
100
AcDbLine
 10
397.5
 20
-194.0
 30
0.0
 11
398.0
 21
-193.5
 31
0.0
  0
LINE
  5
60A
330
17
100
AcDbEntity
  8
0
100
AcDbLine
 10
398.0
 20
-193.5
 30
0.0
 11
398.5
 21
-193.5
 31
0.0
  0
LINE
  5
60B
330
17
100
AcDbEntity
  8
0
100
AcDbLine
 10
398.5
 20
-193.5
 30
0.0
 11
399.0
 21
-193.0
 31
0.0
  0
LINE
  5
60C
330
17
100
AcDbEntity
  8
0
100
AcDbLine
 10
399.0
 20
-193.0
 30
0.0
 11
399.5
 21
-193.0
 31
0.0
  0
LINE
  5
60D
330
17
100
AcDbEntity
  8
0
100
AcDbLine
 10
399.5
 20
-193.0
 30
0.0
 11
400.0
 21
-192.5
 31
0.0
  0
LINE
  5
60E
330
17
100
AcDbEntity
  8
0
100
AcDbLine
 10
400.0
 20
-192.5
 30
0.0
 11
400.5
 21
-192.5
 31
0.0
  0
LINE
  5
60F
330
17
100
AcDbEntity
  8
0
100
AcDbLine
 10
400.5
 20
-192.5
 30
0.0
 11
401.0
 21
-192.0
 31
0.0
  0
LINE
  5
610
330
17
100
AcDbEntity
  8
0
100
AcDbLine
 10
401.0
 20
-192.0
 30
0.0
 11
401.5
 21
-192.0
 31
0.0
  0
LINE
  5
611
330
17
100
AcDbEntity
  8
0
100
AcDbLine
 10
401.5
 20
-192.0
 30
0.0
 11
402.0
 21
-191.5
 31
0.0
  0
LINE
  5
612
330
17
100
AcDbEntity
  8
0
100
AcDbLine
 10
402.0
 20
-191.5
 30
0.0
 11
402.5
 21
-191.5
 31
0.0
  0
LINE
  5
613
330
17
100
AcDbEntity
  8
0
100
AcDbLine
 10
402.5
 20
-191.5
 30
0.0
 11
403.0
 21
-191.0
 31
0.0
  0
LINE
  5
614
330
17
100
AcDbEntity
  8
0
100
AcDbLine
 10
403.0
 20
-191.0
 30
0.0
 11
403.5
 21
-190.5
 31
0.0
  0
LINE
  5
615
330
17
100
AcDbEntity
  8
0
100
AcDbLine
 10
403.5
 20
-190.5
 30
0.0
 11
404.0
 21
-190.5
 31
0.0
  0
LINE
  5
616
330
17
100
AcDbEntity
  8
0
100
AcDbLine
 10
404.0
 20
-190.5
 30
0.0
 11
404.5
 21
-190.0
 31
0.0
  0
LINE
  5
617
330
17
100
AcDbEntity
  8
0
100
AcDbLine
 10
404.5
 20
-190.0
 30
0.0
 11
405.0
 21
-190.0
 31
0.0
  0
LINE
  5
618
330
17
100
AcDbEntity
  8
0
100
AcDbLine
 10
405.0
 20
-190.0
 30
0.0
 11
405.5
 21
-189.5
 31
0.0
  0
LINE
  5
619
330
17
100
AcDbEntity
  8
0
100
AcDbLine
 10
405.5
 20
-189.5
 30
0.0
 11
406.0
 21
-189.5
 31
0.0
  0
LINE
  5
61A
330
17
100
AcDbEntity
  8
0
100
AcDbLine
 10
406.0
 20
-189.5
 30
0.0
 11
406.5
 21
-189.0
 31
0.0
  0
LINE
  5
61B
330
17
100
AcDbEntity
  8
0
100
AcDbLine
 10
406.5
 20
-189.0
 30
0.0
 11
407.0
 21
-189.0
 31
0.0
  0
LINE
  5
61C
330
17
100
AcDbEntity
  8
0
100
AcDbLine
 10
407.0
 20
-189.0
 30
0.0
 11
407.5
 21
-188.5
 31
0.0
  0
LINE
  5
61D
330
17
100
AcDbEntity
  8
0
100
AcDbLine
 10
407.5
 20
-188.5
 30
0.0
 11
408.0
 21
-188.0
 31
0.0
  0
LINE
  5
61E
330
17
100
AcDbEntity
  8
0
100
AcDbLine
 10
408.0
 20
-188.0
 30
0.0
 11
408.5
 21
-188.0
 31
0.0
  0
LINE
  5
61F
330
17
100
AcDbEntity
  8
0
100
AcDbLine
 10
408.5
 20
-188.0
 30
0.0
 11
409.0
 21
-187.5
 31
0.0
  0
LINE
  5
620
330
17
100
AcDbEntity
  8
0
100
AcDbLine
 10
409.0
 20
-187.5
 30
0.0
 11
409.5
 21
-187.5
 31
0.0
  0
LINE
  5
621
330
17
100
AcDbEntity
  8
0
100
AcDbLine
 10
409.5
 20
-187.5
 30
0.0
 11
410.0
 21
-187.0
 31
0.0
  0
LINE
  5
622
330
17
100
AcDbEntity
  8
0
100
AcDbLine
 10
410.0
 20
-187.0
 30
0.0
 11
410.5
 21
-187.0
 31
0.0
  0
LINE
  5
623
330
17
100
AcDbEntity
  8
0
100
AcDbLine
 10
410.5
 20
-187.0
 30
0.0
 11
411.0
 21
-186.5
 31
0.0
  0
LINE
  5
624
330
17
100
AcDbEntity
  8
0
100
AcDbLine
 10
411.0
 20
-186.5
 30
0.0
 11
411.5
 21
-186.0
 31
0.0
  0
LINE
  5
625
330
17
100
AcDbEntity
  8
0
100
AcDbLine
 10
411.5
 20
-186.0
 30
0.0
 11
412.0
 21
-186.0
 31
0.0
  0
LINE
  5
626
330
17
100
AcDbEntity
  8
0
100
AcDbLine
 10
412.0
 20
-186.0
 30
0.0
 11
412.5
 21
-185.5
 31
0.0
  0
LINE
  5
627
330
17
100
AcDbEntity
  8
0
100
AcDbLine
 10
412.5
 20
-185.5
 30
0.0
 11
413.0
 21
-185.5
 31
0.0
  0
LINE
  5
628
330
17
100
AcDbEntity
  8
0
100
AcDbLine
 10
413.0
 20
-185.5
 30
0.0
 11
413.5
 21
-185.0
 31
0.0
  0
LINE
  5
629
330
17
100
AcDbEntity
  8
0
100
AcDbLine
 10
413.5
 20
-185.0
 30
0.0
 11
414.0
 21
-184.5
 31
0.0
  0
LINE
  5
62A
330
17
100
AcDbEntity
  8
0
100
AcDbLine
 10
414.0
 20
-184.5
 30
0.0
 11
414.5
 21
-184.5
 31
0.0
  0
LINE
  5
62B
330
17
100
AcDbEntity
  8
0
100
AcDbLine
 10
414.5
 20
-184.5
 30
0.0
 11
415.0
 21
-184.0
 31
0.0
  0
LINE
  5
62C
330
17
100
AcDbEntity
  8
0
100
AcDbLine
 10
415.0
 20
-184.0
 30
0.0
 11
415.5
 21
-184.0
 31
0.0
  0
LINE
  5
62D
330
17
100
AcDbEntity
  8
0
100
AcDbLine
 10
415.5
 20
-184.0
 30
0.0
 11
416.0
 21
-183.5
 31
0.0
  0
LINE
  5
62E
330
17
100
AcDbEntity
  8
0
100
AcDbLine
 10
416.0
 20
-183.5
 30
0.0
 11
416.5
 21
-183.0
 31
0.0
  0
LINE
  5
62F
330
17
100
AcDbEntity
  8
0
100
AcDbLine
 10
416.5
 20
-183.0
 30
0.0
 11
417.0
 21
-183.0
 31
0.0
  0
LINE
  5
630
330
17
100
AcDbEntity
  8
0
100
AcDbLine
 10
417.0
 20
-183.0
 30
0.0
 11
417.5
 21
-182.5
 31
0.0
  0
LINE
  5
631
330
17
100
AcDbEntity
  8
0
100
AcDbLine
 10
417.5
 20
-182.5
 30
0.0
 11
418.0
 21
-182.0
 31
0.0
  0
LINE
  5
632
330
17
100
AcDbEntity
  8
0
100
AcDbLine
 10
418.0
 20
-182.0
 30
0.0
 11
418.5
 21
-182.0
 31
0.0
  0
LINE
  5
633
330
17
100
AcDbEntity
  8
0
100
AcDbLine
 10
418.5
 20
-182.0
 30
0.0
 11
419.0
 21
-181.5
 31
0.0
  0
LINE
  5
634
330
17
100
AcDbEntity
  8
0
100
AcDbLine
 10
419.0
 20
-181.5
 30
0.0
 11
419.5
 21
-181.5
 31
0.0
  0
LINE
  5
635
330
17
100
AcDbEntity
  8
0
100
AcDbLine
 10
419.5
 20
-181.5
 30
0.0
 11
420.0
 21
-181.0
 31
0.0
  0
LINE
  5
636
330
17
100
AcDbEntity
  8
0
100
AcDbLine
 10
420.0
 20
-181.0
 30
0.0
 11
420.5
 21
-180.5
 31
0.0
  0
LINE
  5
637
330
17
100
AcDbEntity
  8
0
100
AcDbLine
 10
420.5
 20
-180.5
 30
0.0
 11
421.0
 21
-180.5
 31
0.0
  0
LINE
  5
638
330
17
100
AcDbEntity
  8
0
100
AcDbLine
 10
421.0
 20
-180.5
 30
0.0
 11
421.5
 21
-180.0
 31
0.0
  0
LINE
  5
639
330
17
100
AcDbEntity
  8
0
100
AcDbLine
 10
421.5
 20
-180.0
 30
0.0
 11
422.0
 21
-179.5
 31
0.0
  0
LINE
  5
63A
330
17
100
AcDbEntity
  8
0
100
AcDbLine
 10
422.0
 20
-179.5
 30
0.0
 11
422.5
 21
-179.5
 31
0.0
  0
LINE
  5
63B
330
17
100
AcDbEntity
  8
0
100
AcDbLine
 10
422.5
 20
-179.5
 30
0.0
 11
423.0
 21
-179.0
 31
0.0
  0
LINE
  5
63C
330
17
100
AcDbEntity
  8
0
100
AcDbLine
 10
423.0
 20
-179.0
 30
0.0
 11
423.5
 21
-178.5
 31
0.0
  0
LINE
  5
63D
330
17
100
AcDbEntity
  8
0
100
AcDbLine
 10
423.5
 20
-178.5
 30
0.0
 11
424.0
 21
-178.5
 31
0.0
  0
LINE
  5
63E
330
17
100
AcDbEntity
  8
0
100
AcDbLine
 10
424.0
 20
-178.5
 30
0.0
 11
424.5
 21
-178.0
 31
0.0
  0
LINE
  5
63F
330
17
100
AcDbEntity
  8
0
100
AcDbLine
 10
424.5
 20
-178.0
 30
0.0
 11
425.0
 21
-177.5
 31
0.0
  0
LINE
  5
640
330
17
100
AcDbEntity
  8
0
100
AcDbLine
 10
425.0
 20
-177.5
 30
0.0
 11
425.5
 21
-177.5
 31
0.0
  0
LINE
  5
641
330
17
100
AcDbEntity
  8
0
100
AcDbLine
 10
425.5
 20
-177.5
 30
0.0
 11
426.0
 21
-177.0
 31
0.0
  0
LINE
  5
642
330
17
100
AcDbEntity
  8
0
100
AcDbLine
 10
426.0
 20
-177.0
 30
0.0
 11
426.5
 21
-176.5
 31
0.0
  0
LINE
  5
643
330
17
100
AcDbEntity
  8
0
100
AcDbLine
 10
426.5
 20
-176.5
 30
0.0
 11
427.0
 21
-176.5
 31
0.0
  0
LINE
  5
644
330
17
100
AcDbEntity
  8
0
100
AcDbLine
 10
427.0
 20
-176.5
 30
0.0
 11
427.5
 21
-176.0
 31
0.0
  0
LINE
  5
645
330
17
100
AcDbEntity
  8
0
100
AcDbLine
 10
427.5
 20
-176.0
 30
0.0
 11
428.0
 21
-175.5
 31
0.0
  0
LINE
  5
646
330
17
100
AcDbEntity
  8
0
100
AcDbLine
 10
428.0
 20
-175.5
 30
0.0
 11
428.5
 21
-175.5
 31
0.0
  0
LINE
  5
647
330
17
100
AcDbEntity
  8
0
100
AcDbLine
 10
428.5
 20
-175.5
 30
0.0
 11
429.0
 21
-175.0
 31
0.0
  0
LINE
  5
648
330
17
100
AcDbEntity
  8
0
100
AcDbLine
 10
429.0
 20
-175.0
 30
0.0
 11
429.5
 21
-174.5
 31
0.0
  0
LINE
  5
649
330
17
100
AcDbEntity
  8
0
100
AcDbLine
 10
429.5
 20
-174.5
 30
0.0
 11
430.0
 21
-174.5
 31
0.0
  0
LINE
  5
64A
330
17
100
AcDbEntity
  8
0
100
AcDbLine
 10
430.0
 20
-174.5
 30
0.0
 11
430.5
 21
-174.0
 31
0.0
  0
LINE
  5
64B
330
17
100
AcDbEntity
  8
0
100
AcDbLine
 10
430.5
 20
-174.0
 30
0.0
 11
431.0
 21
-173.5
 31
0.0
  0
LINE
  5
64C
330
17
100
AcDbEntity
  8
0
100
AcDbLine
 10
431.0
 20
-173.5
 30
0.0
 11
431.5
 21
-173.5
 31
0.0
  0
LINE
  5
64D
330
17
100
AcDbEntity
  8
0
100
AcDbLine
 10
431.5
 20
-173.5
 30
0.0
 11
432.0
 21
-173.0
 31
0.0
  0
LINE
  5
64E
330
17
100
AcDbEntity
  8
0
100
AcDbLine
 10
432.0
 20
-173.0
 30
0.0
 11
432.5
 21
-172.5
 31
0.0
  0
LINE
  5
64F
330
17
100
AcDbEntity
  8
0
100
AcDbLine
 10
432.5
 20
-172.5
 30
0.0
 11
433.0
 21
-172.0
 31
0.0
  0
LINE
  5
650
330
17
100
AcDbEntity
  8
0
100
AcDbLine
 10
433.0
 20
-172.0
 30
0.0
 11
433.5
 21
-172.0
 31
0.0
  0
LINE
  5
651
330
17
100
AcDbEntity
  8
0
100
AcDbLine
 10
433.5
 20
-172.0
 30
0.0
 11
434.0
 21
-171.5
 31
0.0
  0
LINE
  5
652
330
17
100
AcDbEntity
  8
0
100
AcDbLine
 10
434.0
 20
-171.5
 30
0.0
 11
434.5
 21
-171.0
 31
0.0
  0
LINE
  5
653
330
17
100
AcDbEntity
  8
0
100
AcDbLine
 10
434.5
 20
-171.0
 30
0.0
 11
435.0
 21
-171.0
 31
0.0
  0
LINE
  5
654
330
17
100
AcDbEntity
  8
0
100
AcDbLine
 10
435.0
 20
-171.0
 30
0.0
 11
435.5
 21
-170.5
 31
0.0
  0
LINE
  5
655
330
17
100
AcDbEntity
  8
0
100
AcDbLine
 10
435.5
 20
-170.5
 30
0.0
 11
436.0
 21
-170.0
 31
0.0
  0
LINE
  5
656
330
17
100
AcDbEntity
  8
0
100
AcDbLine
 10
436.0
 20
-170.0
 30
0.0
 11
436.5
 21
-169.5
 31
0.0
  0
LINE
  5
657
330
17
100
AcDbEntity
  8
0
100
AcDbLine
 10
436.5
 20
-169.5
 30
0.0
 11
437.0
 21
-169.5
 31
0.0
  0
LINE
  5
658
330
17
100
AcDbEntity
  8
0
100
AcDbLine
 10
437.0
 20
-169.5
 30
0.0
 11
437.5
 21
-169.0
 31
0.0
  0
LINE
  5
659
330
17
100
AcDbEntity
  8
0
100
AcDbLine
 10
437.5
 20
-169.0
 30
0.0
 11
438.0
 21
-168.5
 31
0.0
  0
LINE
  5
65A
330
17
100
AcDbEntity
  8
0
100
AcDbLine
 10
438.0
 20
-168.5
 30
0.0
 11
438.5
 21
-168.0
 31
0.0
  0
LINE
  5
65B
330
17
100
AcDbEntity
  8
0
100
AcDbLine
 10
438.5
 20
-168.0
 30
0.0
 11
439.0
 21
-168.0
 31
0.0
  0
LINE
  5
65C
330
17
100
AcDbEntity
  8
0
100
AcDbLine
 10
439.0
 20
-168.0
 30
0.0
 11
439.5
 21
-167.5
 31
0.0
  0
LINE
  5
65D
330
17
100
AcDbEntity
  8
0
100
AcDbLine
 10
439.5
 20
-167.5
 30
0.0
 11
440.0
 21
-167.0
 31
0.0
  0
LINE
  5
65E
330
17
100
AcDbEntity
  8
0
100
AcDbLine
 10
440.0
 20
-167.0
 30
0.0
 11
440.5
 21
-166.5
 31
0.0
  0
LINE
  5
65F
330
17
100
AcDbEntity
  8
0
100
AcDbLine
 10
440.5
 20
-166.5
 30
0.0
 11
441.0
 21
-166.5
 31
0.0
  0
LINE
  5
660
330
17
100
AcDbEntity
  8
0
100
AcDbLine
 10
441.0
 20
-166.5
 30
0.0
 11
441.5
 21
-166.0
 31
0.0
  0
LINE
  5
661
330
17
100
AcDbEntity
  8
0
100
AcDbLine
 10
441.5
 20
-166.0
 30
0.0
 11
442.0
 21
-165.5
 31
0.0
  0
LINE
  5
662
330
17
100
AcDbEntity
  8
0
100
AcDbLine
 10
442.0
 20
-165.5
 30
0.0
 11
442.5
 21
-165.0
 31
0.0
  0
LINE
  5
663
330
17
100
AcDbEntity
  8
0
100
AcDbLine
 10
442.5
 20
-165.0
 30
0.0
 11
443.0
 21
-165.0
 31
0.0
  0
LINE
  5
664
330
17
100
AcDbEntity
  8
0
100
AcDbLine
 10
443.0
 20
-165.0
 30
0.0
 11
443.5
 21
-164.5
 31
0.0
  0
LINE
  5
665
330
17
100
AcDbEntity
  8
0
100
AcDbLine
 10
443.5
 20
-164.5
 30
0.0
 11
444.0
 21
-164.0
 31
0.0
  0
LINE
  5
666
330
17
100
AcDbEntity
  8
0
100
AcDbLine
 10
444.0
 20
-164.0
 30
0.0
 11
444.5
 21
-163.5
 31
0.0
  0
LINE
  5
667
330
17
100
AcDbEntity
  8
0
100
AcDbLine
 10
444.5
 20
-163.5
 30
0.0
 11
445.0
 21
-163.0
 31
0.0
  0
LINE
  5
668
330
17
100
AcDbEntity
  8
0
100
AcDbLine
 10
445.0
 20
-163.0
 30
0.0
 11
445.5
 21
-163.0
 31
0.0
  0
LINE
  5
669
330
17
100
AcDbEntity
  8
0
100
AcDbLine
 10
445.5
 20
-163.0
 30
0.0
 11
446.0
 21
-162.5
 31
0.0
  0
LINE
  5
66A
330
17
100
AcDbEntity
  8
0
100
AcDbLine
 10
446.0
 20
-162.5
 30
0.0
 11
446.5
 21
-162.0
 31
0.0
  0
LINE
  5
66B
330
17
100
AcDbEntity
  8
0
100
AcDbLine
 10
446.5
 20
-162.0
 30
0.0
 11
447.0
 21
-161.5
 31
0.0
  0
LINE
  5
66C
330
17
100
AcDbEntity
  8
0
100
AcDbLine
 10
447.0
 20
-161.5
 30
0.0
 11
447.5
 21
-161.0
 31
0.0
  0
LINE
  5
66D
330
17
100
AcDbEntity
  8
0
100
AcDbLine
 10
447.5
 20
-161.0
 30
0.0
 11
448.0
 21
-161.0
 31
0.0
  0
LINE
  5
66E
330
17
100
AcDbEntity
  8
0
100
AcDbLine
 10
448.0
 20
-161.0
 30
0.0
 11
448.5
 21
-160.5
 31
0.0
  0
LINE
  5
66F
330
17
100
AcDbEntity
  8
0
100
AcDbLine
 10
448.5
 20
-160.5
 30
0.0
 11
449.0
 21
-160.0
 31
0.0
  0
LINE
  5
670
330
17
100
AcDbEntity
  8
0
100
AcDbLine
 10
449.0
 20
-160.0
 30
0.0
 11
449.5
 21
-159.5
 31
0.0
  0
LINE
  5
671
330
17
100
AcDbEntity
  8
0
100
AcDbLine
 10
449.5
 20
-159.5
 30
0.0
 11
450.0
 21
-159.0
 31
0.0
  0
LINE
  5
672
330
17
100
AcDbEntity
  8
0
100
AcDbLine
 10
450.0
 20
-159.0
 30
0.0
 11
450.5
 21
-159.0
 31
0.0
  0
LINE
  5
673
330
17
100
AcDbEntity
  8
0
100
AcDbLine
 10
450.5
 20
-159.0
 30
0.0
 11
451.0
 21
-158.5
 31
0.0
  0
LINE
  5
674
330
17
100
AcDbEntity
  8
0
100
AcDbLine
 10
451.0
 20
-158.5
 30
0.0
 11
451.5
 21
-158.0
 31
0.0
  0
LINE
  5
675
330
17
100
AcDbEntity
  8
0
100
AcDbLine
 10
451.5
 20
-158.0
 30
0.0
 11
452.0
 21
-157.5
 31
0.0
  0
LINE
  5
676
330
17
100
AcDbEntity
  8
0
100
AcDbLine
 10
452.0
 20
-157.5
 30
0.0
 11
452.5
 21
-157.0
 31
0.0
  0
LINE
  5
677
330
17
100
AcDbEntity
  8
0
100
AcDbLine
 10
452.5
 20
-157.0
 30
0.0
 11
453.0
 21
-156.5
 31
0.0
  0
LINE
  5
678
330
17
100
AcDbEntity
  8
0
100
AcDbLine
 10
453.0
 20
-156.5
 30
0.0
 11
453.5
 21
-156.0
 31
0.0
  0
LINE
  5
679
330
17
100
AcDbEntity
  8
0
100
AcDbLine
 10
453.5
 20
-156.0
 30
0.0
 11
454.0
 21
-156.0
 31
0.0
  0
LINE
  5
67A
330
17
100
AcDbEntity
  8
0
100
AcDbLine
 10
454.0
 20
-156.0
 30
0.0
 11
454.5
 21
-155.5
 31
0.0
  0
LINE
  5
67B
330
17
100
AcDbEntity
  8
0
100
AcDbLine
 10
454.5
 20
-155.5
 30
0.0
 11
455.0
 21
-155.0
 31
0.0
  0
LINE
  5
67C
330
17
100
AcDbEntity
  8
0
100
AcDbLine
 10
455.0
 20
-155.0
 30
0.0
 11
455.5
 21
-154.5
 31
0.0
  0
LINE
  5
67D
330
17
100
AcDbEntity
  8
0
100
AcDbLine
 10
455.5
 20
-154.5
 30
0.0
 11
456.0
 21
-154.0
 31
0.0
  0
LINE
  5
67E
330
17
100
AcDbEntity
  8
0
100
AcDbLine
 10
456.0
 20
-154.0
 30
0.0
 11
456.5
 21
-153.5
 31
0.0
  0
LINE
  5
67F
330
17
100
AcDbEntity
  8
0
100
AcDbLine
 10
456.5
 20
-153.5
 30
0.0
 11
457.0
 21
-153.0
 31
0.0
  0
LINE
  5
680
330
17
100
AcDbEntity
  8
0
100
AcDbLine
 10
457.0
 20
-153.0
 30
0.0
 11
457.5
 21
-153.0
 31
0.0
  0
LINE
  5
681
330
17
100
AcDbEntity
  8
0
100
AcDbLine
 10
457.5
 20
-153.0
 30
0.0
 11
458.0
 21
-152.5
 31
0.0
  0
LINE
  5
682
330
17
100
AcDbEntity
  8
0
100
AcDbLine
 10
458.0
 20
-152.5
 30
0.0
 11
458.5
 21
-152.0
 31
0.0
  0
LINE
  5
683
330
17
100
AcDbEntity
  8
0
100
AcDbLine
 10
458.5
 20
-152.0
 30
0.0
 11
459.0
 21
-151.5
 31
0.0
  0
LINE
  5
684
330
17
100
AcDbEntity
  8
0
100
AcDbLine
 10
459.0
 20
-151.5
 30
0.0
 11
459.5
 21
-151.0
 31
0.0
  0
LINE
  5
685
330
17
100
AcDbEntity
  8
0
100
AcDbLine
 10
459.5
 20
-151.0
 30
0.0
 11
460.0
 21
-150.5
 31
0.0
  0
LINE
  5
686
330
17
100
AcDbEntity
  8
0
100
AcDbLine
 10
460.0
 20
-150.5
 30
0.0
 11
460.5
 21
-150.0
 31
0.0
  0
LINE
  5
687
330
17
100
AcDbEntity
  8
0
100
AcDbLine
 10
460.5
 20
-150.0
 30
0.0
 11
461.0
 21
-149.5
 31
0.0
  0
LINE
  5
688
330
17
100
AcDbEntity
  8
0
100
AcDbLine
 10
461.0
 20
-149.5
 30
0.0
 11
461.5
 21
-149.0
 31
0.0
  0
LINE
  5
689
330
17
100
AcDbEntity
  8
0
100
AcDbLine
 10
461.5
 20
-149.0
 30
0.0
 11
462.0
 21
-148.5
 31
0.0
  0
LINE
  5
68A
330
17
100
AcDbEntity
  8
0
100
AcDbLine
 10
462.0
 20
-148.5
 30
0.0
 11
462.5
 21
-148.5
 31
0.0
  0
LINE
  5
68B
330
17
100
AcDbEntity
  8
0
100
AcDbLine
 10
462.5
 20
-148.5
 30
0.0
 11
463.0
 21
-148.0
 31
0.0
  0
LINE
  5
68C
330
17
100
AcDbEntity
  8
0
100
AcDbLine
 10
463.0
 20
-148.0
 30
0.0
 11
463.5
 21
-147.5
 31
0.0
  0
LINE
  5
68D
330
17
100
AcDbEntity
  8
0
100
AcDbLine
 10
463.5
 20
-147.5
 30
0.0
 11
464.0
 21
-147.0
 31
0.0
  0
LINE
  5
68E
330
17
100
AcDbEntity
  8
0
100
AcDbLine
 10
464.0
 20
-147.0
 30
0.0
 11
464.5
 21
-146.5
 31
0.0
  0
LINE
  5
68F
330
17
100
AcDbEntity
  8
0
100
AcDbLine
 10
464.5
 20
-146.5
 30
0.0
 11
465.0
 21
-146.0
 31
0.0
  0
LINE
  5
690
330
17
100
AcDbEntity
  8
0
100
AcDbLine
 10
465.0
 20
-146.0
 30
0.0
 11
465.5
 21
-145.5
 31
0.0
  0
LINE
  5
691
330
17
100
AcDbEntity
  8
0
100
AcDbLine
 10
465.5
 20
-145.5
 30
0.0
 11
466.0
 21
-145.0
 31
0.0
  0
LINE
  5
692
330
17
100
AcDbEntity
  8
0
100
AcDbLine
 10
466.0
 20
-145.0
 30
0.0
 11
466.5
 21
-144.5
 31
0.0
  0
LINE
  5
693
330
17
100
AcDbEntity
  8
0
100
AcDbLine
 10
466.5
 20
-144.5
 30
0.0
 11
467.0
 21
-144.0
 31
0.0
  0
LINE
  5
694
330
17
100
AcDbEntity
  8
0
100
AcDbLine
 10
467.0
 20
-144.0
 30
0.0
 11
467.5
 21
-143.5
 31
0.0
  0
LINE
  5
695
330
17
100
AcDbEntity
  8
0
100
AcDbLine
 10
467.5
 20
-143.5
 30
0.0
 11
468.0
 21
-143.0
 31
0.0
  0
LINE
  5
696
330
17
100
AcDbEntity
  8
0
100
AcDbLine
 10
468.0
 20
-143.0
 30
0.0
 11
468.5
 21
-142.5
 31
0.0
  0
LINE
  5
697
330
17
100
AcDbEntity
  8
0
100
AcDbLine
 10
468.5
 20
-142.5
 30
0.0
 11
469.0
 21
-142.0
 31
0.0
  0
LINE
  5
698
330
17
100
AcDbEntity
  8
0
100
AcDbLine
 10
469.0
 20
-142.0
 30
0.0
 11
469.5
 21
-141.5
 31
0.0
  0
LINE
  5
699
330
17
100
AcDbEntity
  8
0
100
AcDbLine
 10
469.5
 20
-141.5
 30
0.0
 11
470.0
 21
-141.0
 31
0.0
  0
LINE
  5
69A
330
17
100
AcDbEntity
  8
0
100
AcDbLine
 10
470.0
 20
-141.0
 30
0.0
 11
470.5
 21
-140.5
 31
0.0
  0
LINE
  5
69B
330
17
100
AcDbEntity
  8
0
100
AcDbLine
 10
470.5
 20
-140.5
 30
0.0
 11
471.0
 21
-140.0
 31
0.0
  0
LINE
  5
69C
330
17
100
AcDbEntity
  8
0
100
AcDbLine
 10
471.0
 20
-140.0
 30
0.0
 11
471.5
 21
-139.5
 31
0.0
  0
LINE
  5
69D
330
17
100
AcDbEntity
  8
0
100
AcDbLine
 10
471.5
 20
-139.5
 30
0.0
 11
472.0
 21
-139.0
 31
0.0
  0
LINE
  5
69E
330
17
100
AcDbEntity
  8
0
100
AcDbLine
 10
472.0
 20
-139.0
 30
0.0
 11
472.5
 21
-138.5
 31
0.0
  0
LINE
  5
69F
330
17
100
AcDbEntity
  8
0
100
AcDbLine
 10
472.5
 20
-138.5
 30
0.0
 11
473.0
 21
-138.0
 31
0.0
  0
LINE
  5
6A0
330
17
100
AcDbEntity
  8
0
100
AcDbLine
 10
473.0
 20
-138.0
 30
0.0
 11
473.5
 21
-137.5
 31
0.0
  0
LINE
  5
6A1
330
17
100
AcDbEntity
  8
0
100
AcDbLine
 10
473.5
 20
-137.5
 30
0.0
 11
474.0
 21
-137.0
 31
0.0
  0
LINE
  5
6A2
330
17
100
AcDbEntity
  8
0
100
AcDbLine
 10
474.0
 20
-137.0
 30
0.0
 11
474.5
 21
-136.5
 31
0.0
  0
LINE
  5
6A3
330
17
100
AcDbEntity
  8
0
100
AcDbLine
 10
474.5
 20
-136.5
 30
0.0
 11
475.0
 21
-136.0
 31
0.0
  0
LINE
  5
6A4
330
17
100
AcDbEntity
  8
0
100
AcDbLine
 10
475.0
 20
-136.0
 30
0.0
 11
475.5
 21
-135.5
 31
0.0
  0
LINE
  5
6A5
330
17
100
AcDbEntity
  8
0
100
AcDbLine
 10
475.5
 20
-135.5
 30
0.0
 11
476.0
 21
-135.0
 31
0.0
  0
LINE
  5
6A6
330
17
100
AcDbEntity
  8
0
100
AcDbLine
 10
476.0
 20
-135.0
 30
0.0
 11
476.5
 21
-134.5
 31
0.0
  0
LINE
  5
6A7
330
17
100
AcDbEntity
  8
0
100
AcDbLine
 10
476.5
 20
-134.5
 30
0.0
 11
477.0
 21
-134.0
 31
0.0
  0
LINE
  5
6A8
330
17
100
AcDbEntity
  8
0
100
AcDbLine
 10
477.0
 20
-134.0
 30
0.0
 11
477.5
 21
-133.5
 31
0.0
  0
LINE
  5
6A9
330
17
100
AcDbEntity
  8
0
100
AcDbLine
 10
477.5
 20
-133.5
 30
0.0
 11
478.0
 21
-133.0
 31
0.0
  0
LINE
  5
6AA
330
17
100
AcDbEntity
  8
0
100
AcDbLine
 10
478.0
 20
-133.0
 30
0.0
 11
478.5
 21
-132.5
 31
0.0
  0
LINE
  5
6AB
330
17
100
AcDbEntity
  8
0
100
AcDbLine
 10
478.5
 20
-132.5
 30
0.0
 11
479.0
 21
-132.0
 31
0.0
  0
LINE
  5
6AC
330
17
100
AcDbEntity
  8
0
100
AcDbLine
 10
479.0
 20
-132.0
 30
0.0
 11
479.5
 21
-131.5
 31
0.0
  0
LINE
  5
6AD
330
17
100
AcDbEntity
  8
0
100
AcDbLine
 10
479.5
 20
-131.5
 30
0.0
 11
480.0
 21
-130.5
 31
0.0
  0
LINE
  5
6AE
330
17
100
AcDbEntity
  8
0
100
AcDbLine
 10
480.0
 20
-130.5
 30
0.0
 11
480.5
 21
-130.0
 31
0.0
  0
LINE
  5
6AF
330
17
100
AcDbEntity
  8
0
100
AcDbLine
 10
480.5
 20
-130.0
 30
0.0
 11
481.0
 21
-129.5
 31
0.0
  0
LINE
  5
6B0
330
17
100
AcDbEntity
  8
0
100
AcDbLine
 10
481.0
 20
-129.5
 30
0.0
 11
481.5
 21
-129.0
 31
0.0
  0
LINE
  5
6B1
330
17
100
AcDbEntity
  8
0
100
AcDbLine
 10
481.5
 20
-129.0
 30
0.0
 11
482.0
 21
-128.0
 31
0.0
  0
LINE
  5
6B2
330
17
100
AcDbEntity
  8
0
100
AcDbLine
 10
482.0
 20
-128.0
 30
0.0
 11
482.5
 21
-127.0
 31
0.0
  0
LINE
  5
6B3
330
17
100
AcDbEntity
  8
0
100
AcDbLine
 10
482.5
 20
-127.0
 30
0.0
 11
483.0
 21
-126.0
 31
0.0
  0
LINE
  5
6B4
330
17
100
AcDbEntity
  8
0
100
AcDbLine
 10
483.0
 20
-126.0
 30
0.0
 11
483.5
 21
-124.5
 31
0.0
  0
LINE
  5
6B5
330
17
100
AcDbEntity
  8
0
100
AcDbLine
 10
483.5
 20
-124.5
 30
0.0
 11
484.0
 21
-123.5
 31
0.0
  0
LINE
  5
6B6
330
17
100
AcDbEntity
  8
0
100
AcDbLine
 10
484.0
 20
-123.5
 30
0.0
 11
484.5
 21
-122.5
 31
0.0
  0
LINE
  5
6B7
330
17
100
AcDbEntity
  8
0
100
AcDbLine
 10
484.5
 20
-122.5
 30
0.0
 11
485.0
 21
-121.5
 31
0.0
  0
LINE
  5
6B8
330
17
100
AcDbEntity
  8
0
100
AcDbLine
 10
485.0
 20
-121.5
 30
0.0
 11
485.5
 21
-120.5
 31
0.0
  0
LINE
  5
6B9
330
17
100
AcDbEntity
  8
0
100
AcDbLine
 10
485.5
 20
-120.5
 30
0.0
 11
486.0
 21
-119.0
 31
0.0
  0
LINE
  5
6BA
330
17
100
AcDbEntity
  8
0
100
AcDbLine
 10
486.0
 20
-119.0
 30
0.0
 11
486.5
 21
-118.0
 31
0.0
  0
LINE
  5
6BB
330
17
100
AcDbEntity
  8
0
100
AcDbLine
 10
486.5
 20
-118.0
 30
0.0
 11
487.0
 21
-117.0
 31
0.0
  0
LINE
  5
6BC
330
17
100
AcDbEntity
  8
0
100
AcDbLine
 10
487.0
 20
-117.0
 30
0.0
 11
487.5
 21
-116.0
 31
0.0
  0
LINE
  5
6BD
330
17
100
AcDbEntity
  8
0
100
AcDbLine
 10
487.5
 20
-116.0
 30
0.0
 11
488.0
 21
-114.5
 31
0.0
  0
LINE
  5
6BE
330
17
100
AcDbEntity
  8
0
100
AcDbLine
 10
488.0
 20
-114.5
 30
0.0
 11
488.5
 21
-113.5
 31
0.0
  0
LINE
  5
6BF
330
17
100
AcDbEntity
  8
0
100
AcDbLine
 10
488.5
 20
-113.5
 30
0.0
 11
489.0
 21
-112.5
 31
0.0
  0
LINE
  5
6C0
330
17
100
AcDbEntity
  8
0
100
AcDbLine
 10
489.0
 20
-112.5
 30
0.0
 11
489.5
 21
-111.0
 31
0.0
  0
LINE
  5
6C1
330
17
100
AcDbEntity
  8
0
100
AcDbLine
 10
489.5
 20
-111.0
 30
0.0
 11
490.0
 21
-110.0
 31
0.0
  0
LINE
  5
6C2
330
17
100
AcDbEntity
  8
0
100
AcDbLine
 10
490.0
 20
-110.0
 30
0.0
 11
490.5
 21
-109.0
 31
0.0
  0
LINE
  5
6C3
330
17
100
AcDbEntity
  8
0
100
AcDbLine
 10
490.5
 20
-109.0
 30
0.0
 11
491.0
 21
-107.5
 31
0.0
  0
LINE
  5
6C4
330
17
100
AcDbEntity
  8
0
100
AcDbLine
 10
491.0
 20
-107.5
 30
0.0
 11
491.5
 21
-106.5
 31
0.0
  0
LINE
  5
6C5
330
17
100
AcDbEntity
  8
0
100
AcDbLine
 10
491.5
 20
-106.5
 30
0.0
 11
492.0
 21
-105.5
 31
0.0
  0
LINE
  5
6C6
330
17
100
AcDbEntity
  8
0
100
AcDbLine
 10
492.0
 20
-105.5
 30
0.0
 11
492.5
 21
-104.0
 31
0.0
  0
LINE
  5
6C7
330
17
100
AcDbEntity
  8
0
100
AcDbLine
 10
492.5
 20
-104.0
 30
0.0
 11
493.0
 21
-103.0
 31
0.0
  0
LINE
  5
6C8
330
17
100
AcDbEntity
  8
0
100
AcDbLine
 10
493.0
 20
-103.0
 30
0.0
 11
493.5
 21
-101.5
 31
0.0
  0
LINE
  5
6C9
330
17
100
AcDbEntity
  8
0
100
AcDbLine
 10
493.5
 20
-101.5
 30
0.0
 11
494.0
 21
-100.5
 31
0.0
  0
LINE
  5
6CA
330
17
100
AcDbEntity
  8
0
100
AcDbLine
 10
494.0
 20
-100.5
 30
0.0
 11
494.5
 21
-99.0
 31
0.0
  0
LINE
  5
6CB
330
17
100
AcDbEntity
  8
0
100
AcDbLine
 10
494.5
 20
-99.0
 30
0.0
 11
495.0
 21
-98.0
 31
0.0
  0
LINE
  5
6CC
330
17
100
AcDbEntity
  8
0
100
AcDbLine
 10
495.0
 20
-98.0
 30
0.0
 11
495.5
 21
-96.5
 31
0.0
  0
LINE
  5
6CD
330
17
100
AcDbEntity
  8
0
100
AcDbLine
 10
495.5
 20
-96.5
 30
0.0
 11
496.0
 21
-95.5
 31
0.0
  0
LINE
  5
6CE
330
17
100
AcDbEntity
  8
0
100
AcDbLine
 10
496.0
 20
-95.5
 30
0.0
 11
496.5
 21
-94.0
 31
0.0
  0
LINE
  5
6CF
330
17
100
AcDbEntity
  8
0
100
AcDbLine
 10
496.5
 20
-94.0
 30
0.0
 11
497.0
 21
-92.5
 31
0.0
  0
LINE
  5
6D0
330
17
100
AcDbEntity
  8
0
100
AcDbLine
 10
497.0
 20
-92.5
 30
0.0
 11
497.5
 21
-91.5
 31
0.0
  0
LINE
  5
6D1
330
17
100
AcDbEntity
  8
0
100
AcDbLine
 10
497.5
 20
-91.5
 30
0.0
 11
498.0
 21
-90.0
 31
0.0
  0
LINE
  5
6D2
330
17
100
AcDbEntity
  8
0
100
AcDbLine
 10
498.0
 20
-90.0
 30
0.0
 11
498.5
 21
-89.0
 31
0.0
  0
LINE
  5
6D3
330
17
100
AcDbEntity
  8
0
100
AcDbLine
 10
498.5
 20
-89.0
 30
0.0
 11
499.0
 21
-87.5
 31
0.0
  0
LINE
  5
6D4
330
17
100
AcDbEntity
  8
0
100
AcDbLine
 10
499.0
 20
-87.5
 30
0.0
 11
499.5
 21
-86.0
 31
0.0
  0
LINE
  5
6D5
330
17
100
AcDbEntity
  8
0
100
AcDbLine
 10
499.5
 20
-86.0
 30
0.0
 11
500.0
 21
-84.5
 31
0.0
  0
LINE
  5
6D6
330
17
100
AcDbEntity
  8
0
100
AcDbLine
 10
500.0
 20
-84.5
 30
0.0
 11
500.5
 21
-83.5
 31
0.0
  0
LINE
  5
6D7
330
17
100
AcDbEntity
  8
0
100
AcDbLine
 10
500.5
 20
-83.5
 30
0.0
 11
501.0
 21
-82.0
 31
0.0
  0
LINE
  5
6D8
330
17
100
AcDbEntity
  8
0
100
AcDbLine
 10
501.0
 20
-82.0
 30
0.0
 11
501.5
 21
-80.5
 31
0.0
  0
LINE
  5
6D9
330
17
100
AcDbEntity
  8
0
100
AcDbLine
 10
501.5
 20
-80.5
 30
0.0
 11
502.0
 21
-79.0
 31
0.0
  0
LINE
  5
6DA
330
17
100
AcDbEntity
  8
0
100
AcDbLine
 10
502.0
 20
-79.0
 30
0.0
 11
502.5
 21
-77.5
 31
0.0
  0
LINE
  5
6DB
330
17
100
AcDbEntity
  8
0
100
AcDbLine
 10
502.5
 20
-77.5
 30
0.0
 11
503.0
 21
-76.5
 31
0.0
  0
LINE
  5
6DC
330
17
100
AcDbEntity
  8
0
100
AcDbLine
 10
503.0
 20
-76.5
 30
0.0
 11
503.5
 21
-75.0
 31
0.0
  0
LINE
  5
6DD
330
17
100
AcDbEntity
  8
0
100
AcDbLine
 10
503.5
 20
-75.0
 30
0.0
 11
504.0
 21
-73.5
 31
0.0
  0
LINE
  5
6DE
330
17
100
AcDbEntity
  8
0
100
AcDbLine
 10
504.0
 20
-73.5
 30
0.0
 11
504.5
 21
-72.0
 31
0.0
  0
LINE
  5
6DF
330
17
100
AcDbEntity
  8
0
100
AcDbLine
 10
504.5
 20
-72.0
 30
0.0
 11
505.0
 21
-70.5
 31
0.0
  0
LINE
  5
6E0
330
17
100
AcDbEntity
  8
0
100
AcDbLine
 10
505.0
 20
-70.5
 30
0.0
 11
505.5
 21
-69.0
 31
0.0
  0
LINE
  5
6E1
330
17
100
AcDbEntity
  8
0
100
AcDbLine
 10
505.5
 20
-69.0
 30
0.0
 11
506.0
 21
-67.5
 31
0.0
  0
LINE
  5
6E2
330
17
100
AcDbEntity
  8
0
100
AcDbLine
 10
506.0
 20
-67.5
 30
0.0
 11
506.5
 21
-66.0
 31
0.0
  0
LINE
  5
6E3
330
17
100
AcDbEntity
  8
0
100
AcDbLine
 10
506.5
 20
-66.0
 30
0.0
 11
507.0
 21
-64.0
 31
0.0
  0
LINE
  5
6E4
330
17
100
AcDbEntity
  8
0
100
AcDbLine
 10
507.0
 20
-64.0
 30
0.0
 11
507.5
 21
-62.5
 31
0.0
  0
LINE
  5
6E5
330
17
100
AcDbEntity
  8
0
100
AcDbLine
 10
507.5
 20
-62.5
 30
0.0
 11
508.0
 21
-61.0
 31
0.0
  0
LINE
  5
6E6
330
17
100
AcDbEntity
  8
0
100
AcDbLine
 10
508.0
 20
-61.0
 30
0.0
 11
508.5
 21
-59.5
 31
0.0
  0
LINE
  5
6E7
330
17
100
AcDbEntity
  8
0
100
AcDbLine
 10
508.5
 20
-59.5
 30
0.0
 11
509.0
 21
-58.0
 31
0.0
  0
LINE
  5
6E8
330
17
100
AcDbEntity
  8
0
100
AcDbLine
 10
509.0
 20
-58.0
 30
0.0
 11
509.5
 21
-56.0
 31
0.0
  0
LINE
  5
6E9
330
17
100
AcDbEntity
  8
0
100
AcDbLine
 10
509.5
 20
-56.0
 30
0.0
 11
510.0
 21
-54.5
 31
0.0
  0
LINE
  5
6EA
330
17
100
AcDbEntity
  8
0
100
AcDbLine
 10
510.0
 20
-54.5
 30
0.0
 11
510.5
 21
-53.0
 31
0.0
  0
LINE
  5
6EB
330
17
100
AcDbEntity
  8
0
100
AcDbLine
 10
510.5
 20
-53.0
 30
0.0
 11
511.0
 21
-51.0
 31
0.0
  0
LINE
  5
6EC
330
17
100
AcDbEntity
  8
0
100
AcDbLine
 10
511.0
 20
-51.0
 30
0.0
 11
511.5
 21
-49.5
 31
0.0
  0
LINE
  5
6ED
330
17
100
AcDbEntity
  8
0
100
AcDbLine
 10
511.5
 20
-49.5
 30
0.0
 11
512.0
 21
-47.5
 31
0.0
  0
LINE
  5
6EE
330
17
100
AcDbEntity
  8
0
100
AcDbLine
 10
512.0
 20
-47.5
 30
0.0
 11
512.5
 21
-46.0
 31
0.0
  0
LINE
  5
6EF
330
17
100
AcDbEntity
  8
0
100
AcDbLine
 10
512.5
 20
-46.0
 30
0.0
 11
513.0
 21
-44.0
 31
0.0
  0
LINE
  5
6F0
330
17
100
AcDbEntity
  8
0
100
AcDbLine
 10
513.0
 20
-44.0
 30
0.0
 11
513.5
 21
-42.0
 31
0.0
  0
LINE
  5
6F1
330
17
100
AcDbEntity
  8
0
100
AcDbLine
 10
513.5
 20
-42.0
 30
0.0
 11
514.0
 21
-40.0
 31
0.0
  0
LINE
  5
6F2
330
17
100
AcDbEntity
  8
0
100
AcDbLine
 10
514.0
 20
-40.0
 30
0.0
 11
514.5
 21
-38.5
 31
0.0
  0
LINE
  5
6F3
330
17
100
AcDbEntity
  8
0
100
AcDbLine
 10
514.5
 20
-38.5
 30
0.0
 11
515.0
 21
-36.5
 31
0.0
  0
LINE
  5
6F4
330
17
100
AcDbEntity
  8
0
100
AcDbLine
 10
515.0
 20
-36.5
 30
0.0
 11
515.5
 21
-34.5
 31
0.0
  0
LINE
  5
6F5
330
17
100
AcDbEntity
  8
0
100
AcDbLine
 10
515.5
 20
-34.5
 30
0.0
 11
516.0
 21
-32.5
 31
0.0
  0
LINE
  5
6F6
330
17
100
AcDbEntity
  8
0
100
AcDbLine
 10
516.0
 20
-32.5
 30
0.0
 11
516.5
 21
-30.5
 31
0.0
  0
LINE
  5
6F7
330
17
100
AcDbEntity
  8
0
100
AcDbLine
 10
516.5
 20
-30.5
 30
0.0
 11
517.0
 21
-28.5
 31
0.0
  0
LINE
  5
6F8
330
17
100
AcDbEntity
  8
0
100
AcDbLine
 10
517.0
 20
-28.5
 30
0.0
 11
517.5
 21
-26.5
 31
0.0
  0
LINE
  5
6F9
330
17
100
AcDbEntity
  8
0
100
AcDbLine
 10
517.5
 20
-26.5
 30
0.0
 11
518.0
 21
-24.0
 31
0.0
  0
LINE
  5
6FA
330
17
100
AcDbEntity
  8
0
100
AcDbLine
 10
518.0
 20
-24.0
 30
0.0
 11
518.5
 21
-22.0
 31
0.0
  0
LINE
  5
6FB
330
17
100
AcDbEntity
  8
0
100
AcDbLine
 10
518.5
 20
-22.0
 30
0.0
 11
519.0
 21
-20.0
 31
0.0
  0
LINE
  5
6FC
330
17
100
AcDbEntity
  8
0
100
AcDbLine
 10
519.0
 20
-20.0
 30
0.0
 11
519.5
 21
-17.5
 31
0.0
  0
LINE
  5
6FD
330
17
100
AcDbEntity
  8
0
100
AcDbLine
 10
519.5
 20
-17.5
 30
0.0
 11
520.0
 21
-15.5
 31
0.0
  0
LINE
  5
6FE
330
17
100
AcDbEntity
  8
0
100
AcDbLine
 10
520.0
 20
-15.5
 30
0.0
 11
520.5
 21
-13.0
 31
0.0
  0
LINE
  5
6FF
330
17
100
AcDbEntity
  8
0
100
AcDbLine
 10
520.5
 20
-13.0
 30
0.0
 11
521.0
 21
-10.5
 31
0.0
  0
LINE
  5
700
330
17
100
AcDbEntity
  8
0
100
AcDbLine
 10
521.0
 20
-10.5
 30
0.0
 11
521.5
 21
-8.0
 31
0.0
  0
LINE
  5
701
330
17
100
AcDbEntity
  8
0
100
AcDbLine
 10
521.5
 20
-8.0
 30
0.0
 11
522.0
 21
-5.5
 31
0.0
  0
LINE
  5
702
330
17
100
AcDbEntity
  8
0
100
AcDbLine
 10
522.0
 20
-5.5
 30
0.0
 11
522.5
 21
-3.0
 31
0.0
  0
LINE
  5
703
330
17
100
AcDbEntity
  8
0
100
AcDbLine
 10
522.5
 20
-3.0
 30
0.0
 11
523.0
 21
0.0
 31
0.0
  0
LINE
  5
704
330
17
100
AcDbEntity
  8
0
100
AcDbLine
 10
523.0
 20
0.0
 30
0.0
 11
523.5
 21
2.5
 31
0.0
  0
LINE
  5
705
330
17
100
AcDbEntity
  8
0
100
AcDbLine
 10
523.5
 20
2.5
 30
0.0
 11
524.0
 21
5.5
 31
0.0
  0
LINE
  5
706
330
17
100
AcDbEntity
  8
0
100
AcDbLine
 10
524.0
 20
5.5
 30
0.0
 11
524.5
 21
8.5
 31
0.0
  0
LINE
  5
707
330
17
100
AcDbEntity
  8
0
100
AcDbLine
 10
524.5
 20
8.5
 30
0.0
 11
525.0
 21
11.5
 31
0.0
  0
LINE
  5
708
330
17
100
AcDbEntity
  8
0
100
AcDbLine
 10
525.0
 20
11.5
 30
0.0
 11
525.5
 21
14.5
 31
0.0
  0
LINE
  5
709
330
17
100
AcDbEntity
  8
0
100
AcDbLine
 10
525.5
 20
14.5
 30
0.0
 11
526.0
 21
18.0
 31
0.0
  0
LINE
  5
70A
330
17
100
AcDbEntity
  8
0
100
AcDbLine
 10
526.0
 20
18.0
 30
0.0
 11
526.5
 21
21.5
 31
0.0
  0
LINE
  5
70B
330
17
100
AcDbEntity
  8
0
100
AcDbLine
 10
526.5
 20
21.5
 30
0.0
 11
527.0
 21
25.0
 31
0.0
  0
LINE
  5
70C
330
17
100
AcDbEntity
  8
0
100
AcDbLine
 10
527.0
 20
25.0
 30
0.0
 11
527.5
 21
29.0
 31
0.0
  0
LINE
  5
70D
330
17
100
AcDbEntity
  8
0
100
AcDbLine
 10
527.5
 20
29.0
 30
0.0
 11
528.0
 21
33.0
 31
0.0
  0
LINE
  5
70E
330
17
100
AcDbEntity
  8
0
100
AcDbLine
 10
528.0
 20
33.0
 30
0.0
 11
528.5
 21
37.5
 31
0.0
  0
LINE
  5
70F
330
17
100
AcDbEntity
  8
0
100
AcDbLine
 10
528.5
 20
37.5
 30
0.0
 11
529.0
 21
42.5
 31
0.0
  0
LINE
  5
710
330
17
100
AcDbEntity
  8
0
100
AcDbLine
 10
529.0
 20
42.5
 30
0.0
 11
529.5
 21
47.5
 31
0.0
  0
LINE
  5
711
330
17
100
AcDbEntity
  8
0
100
AcDbLine
 10
529.5
 20
47.5
 30
0.0
 11
530.0
 21
53.5
 31
0.0
  0
LINE
  5
712
330
17
100
AcDbEntity
  8
0
100
AcDbLine
 10
530.0
 20
53.5
 30
0.0
 11
530.5
 21
60.5
 31
0.0
  0
LINE
  5
713
330
17
100
AcDbEntity
  8
0
100
AcDbLine
 10
530.5
 20
60.5
 30
0.0
 11
531.0
 21
69.5
 31
0.0
  0
LINE
  5
714
330
17
100
AcDbEntity
  8
0
100
AcDbLine
 10
531.0
 20
69.5
 30
0.0
 11
531.5
 21
85.5
 31
0.0
  0
LINE
  5
715
330
17
100
AcDbEntity
  8
0
100
AcDbLine
 10
90.0
 20
41.0
 30
0.0
 11
90.0
 21
-17.0
 31
0.0
  0
LINE
  5
716
330
17
100
AcDbEntity
  8
0
100
AcDbLine
 10
531.5
 20
102.0
 30
0.0
 11
531.5
 21
85.5
 31
0.0
  0
ENDSEC
  0
SECTION
  2
OBJECTS
  0
DICTIONARY
  5
A
330
0
100
AcDbDictionary
280
0
281
1
  3
ACAD_COLOR
350
B
  3
ACAD_GROUP
350
C
  3
ACAD_LAYOUT
350
D
  3
ACAD_MATERIAL
350
E
  3
ACAD_MLEADERSTYLE
350
F
  3
ACAD_MLINESTYLE
350
10
  3
ACAD_PLOTSETTINGS
350
11
  3
ACAD_PLOTSTYLENAME
350
12
  3
ACAD_SCALELIST
350
14
  3
ACAD_TABLESTYLE
350
15
  3
ACAD_VISUALSTYLE
350
16
  3
EZDXF_META
350
2D
  0
DICTIONARY
  5
B
330
A
100
AcDbDictionary
280
0
281
1
  0
DICTIONARY
  5
C
330
A
100
AcDbDictionary
280
0
281
1
  0
DICTIONARY
  5
D
330
A
100
AcDbDictionary
280
0
281
1
  3
Model
350
1A
  3
Layout1
350
1E
  0
DICTIONARY
  5
E
330
A
100
AcDbDictionary
280
0
281
1
  3
ByBlock
350
1F
  3
ByLayer
350
20
  3
Global
350
21
  0
DICTIONARY
  5
F
330
A
100
AcDbDictionary
280
0
281
1
  3
Standard
350
2C
  0
DICTIONARY
  5
10
330
A
100
AcDbDictionary
280
0
281
1
  3
Standard
350
22
  0
DICTIONARY
  5
11
330
A
100
AcDbDictionary
280
0
281
1
  0
ACDBDICTIONARYWDFLT
  5
12
330
A
100
AcDbDictionary
280
0
281
1
  3
Normal
350
13
100
AcDbDictionaryWithDefault
340
13
  0
ACDBPLACEHOLDER
  5
13
330
12
  0
DICTIONARY
  5
14
330
A
100
AcDbDictionary
280
0
281
1
  0
DICTIONARY
  5
15
330
A
100
AcDbDictionary
280
0
281
1
  0
DICTIONARY
  5
16
330
A
100
AcDbDictionary
280
0
281
1
  0
LAYOUT
  5
1A
330
D
100
AcDbPlotSettings
  1

  2
Adobe PDF
  4
A3
  6

 40
7.5
 41
20.0
 42
7.5
 43
20.0
 44
420.0
 45
297.0
 46
0.0
 47
0.0
 48
0.0
 49
0.0
140
0.0
141
0.0
142
1.0
143
1.0
 70
1024
 72
1
 73
0
 74
5
  7

 75
16
 76
0
 77
2
 78
300
147
1.0
148
0.0
149
0.0
100
AcDbLayout
  1
Model
 70
1
 71
0
 10
0.0
 20
0.0
 11
420.0
 21
297.0
 12
0.0
 22
0.0
 32
0.0
 14
1e+20
 24
1e+20
 34
1e+20
 15
-1e+20
 25
-1e+20
 35
-1e+20
146
0.0
 13
0.0
 23
0.0
 33
0.0
 16
1.0
 26
0.0
 36
0.0
 17
0.0
 27
1.0
 37
0.0
 76
1
330
17
  0
LAYOUT
  5
1E
330
D
100
AcDbPlotSettings
  1

  2
Adobe PDF
  4
A3
  6

 40
7.5
 41
20.0
 42
7.5
 43
20.0
 44
420.0
 45
297.0
 46
0.0
 47
0.0
 48
0.0
 49
0.0
140
0.0
141
0.0
142
1.0
143
1.0
 70
0
 72
1
 73
0
 74
5
  7

 75
16
 76
0
 77
2
 78
300
147
1.0
148
0.0
149
0.0
100
AcDbLayout
  1
Layout1
 70
1
 71
1
 10
0.0
 20
0.0
 11
420.0
 21
297.0
 12
0.0
 22
0.0
 32
0.0
 14
1e+20
 24
1e+20
 34
1e+20
 15
-1e+20
 25
-1e+20
 35
-1e+20
146
0.0
 13
0.0
 23
0.0
 33
0.0
 16
1.0
 26
0.0
 36
0.0
 17
0.0
 27
1.0
 37
0.0
 76
1
330
1B
  0
MATERIAL
  5
1F
102
{ACAD_REACTORS
330
E
102
}
330
E
100
AcDbMaterial
  1
ByBlock
  2

 70
0
 40
1.0
 71
1
 41
1.0
 91
-1023410177
 42
1.0
 72
1
  3

 73
1
 74
1
 75
1
 44
0.5
 73
0
 45
1.0
 46
1.0
 77
1
  4

 78
1
 79
1
170
1
 48
1.0
171
1
  6

172
1
173
1
174
1
140
1.0
141
1.0
175
1
  7

176
1
177
1
178
1
143
1.0
179
1
  8

270
1
271
1
272
1
145
1.0
146
1.0
273
1
  9

274
1
275
1
276
1
 42
1.0
 72
1
  3

 73
1
 74
1
 75
1
 94
63
  0
MATERIAL
  5
20
102
{ACAD_REACTORS
330
E
102
}
330
E
100
AcDbMaterial
  1
ByLayer
  2

 70
0
 40
1.0
 71
1
 41
1.0
 91
-1023410177
 42
1.0
 72
1
  3

 73
1
 74
1
 75
1
 44
0.5
 73
0
 45
1.0
 46
1.0
 77
1
  4

 78
1
 79
1
170
1
 48
1.0
171
1
  6

172
1
173
1
174
1
140
1.0
141
1.0
175
1
  7

176
1
177
1
178
1
143
1.0
179
1
  8

270
1
271
1
272
1
145
1.0
146
1.0
273
1
  9

274
1
275
1
276
1
 42
1.0
 72
1
  3

 73
1
 74
1
 75
1
 94
63
  0
MATERIAL
  5
21
102
{ACAD_REACTORS
330
E
102
}
330
E
100
AcDbMaterial
  1
Global
  2

 70
0
 40
1.0
 71
1
 41
1.0
 91
-1023410177
 42
1.0
 72
1
  3

 73
1
 74
1
 75
1
 44
0.5
 73
0
 45
1.0
 46
1.0
 77
1
  4

 78
1
 79
1
170
1
 48
1.0
171
1
  6

172
1
173
1
174
1
140
1.0
141
1.0
175
1
  7

176
1
177
1
178
1
143
1.0
179
1
  8

270
1
271
1
272
1
145
1.0
146
1.0
273
1
  9

274
1
275
1
276
1
 42
1.0
 72
1
  3

 73
1
 74
1
 75
1
 94
63
  0
MLINESTYLE
  5
22
102
{ACAD_REACTORS
330
10
102
}
330
10
100
AcDbMlineStyle
  2
Standard
 70
0
  3

 62
256
 51
90.0
 52
90.0
 71
2
 49
0.5
 62
256
  6
BYLAYER
 49
-0.5
 62
256
  6
BYLAYER
  0
MLEADERSTYLE
  5
2C
102
{ACAD_REACTORS
330
F
102
}
330
F
100
AcDbMLeaderStyle
179
2
170
2
171
1
172
0
 90
2
 40
0.0
 41
0.0
173
1
 91
-1056964608
 92
-2
290
1
 42
2.0
291
1
 43
8.0
  3
Standard
 44
4.0
300

342
29
174
1
175
1
176
0
178
1
 93
-1056964608
 45
4.0
292
0
297
0
 46
4.0
 94
-1056964608
 47
1.0
 49
1.0
140
1.0
294
1
141
0.0
177
0
142
1.0
295
0
296
0
143
3.75
271
0
272
9
273
9
  0
DICTIONARY
  5
2D
330
A
100
AcDbDictionary
281
1
  3
CREATED_BY_EZDXF
350
2E
  3
WRITTEN_BY_EZDXF
350
719
  0
DICTIONARYVAR
  5
2E
330
2D
100
DictionaryVariables
280
0
  1
1.2.0 @ 2024-03-09T15:08:41.885569+00:00
  0
DICTIONARYVAR
  5
719
330
2D
100
DictionaryVariables
280
0
  1
1.2.0 @ 2024-03-09T15:08:41.901569+00:00
  0
ENDSEC
  0
EOF
